real,winv,v1,v2,v3,v4,v5,v6,v7,v8,v9,v10
ey,ix,y,ix,iy,r,dh,iy,ix,ix,ix,ih
dcl,tcl,tcl,dh,hh,tcl,pcl,pcl,pcl,dcl,tcl,dcl
d,ao,t,aa,ao,eh,ae,ah,p,axr,bcl,hv
aa,ao,ae,aa,ao,d,ao,p,t,ah,eh,uw
kcl,tcl,tcl,dcl,s,sh,tcl,tcl,kcl,tcl,pcl,tcl
t,q,q,q,axr,t,en,axr,eh,z,ix,t
axr,ay,ih,eh,ao,ix,ay,w,axr,ix,l,ay
w,tcl,ae,m,l,ax,z,ix,ch,n,tcl,epi
ax,ax,ax,nx,m,ng,ih,ax,iy,ix,axr,axr
z,z,z,z,g,s,s,s,z,tcl,jh,z
ix,ix,eh,ix,axr,ix,en,ix,iy,ix,axr,dh
n,tcl,m,tcl,tcl,tcl,s,tcl,sh,s,hv,z
dh,axr,iy,axr,z,t,m,axr,tcl,epi,tcl,d
iy,axr,dh,iy,z,axr,m,axr,ih,r,m,tcl
ae,axr,l,ih,m,s,t,pau,axr,z,n,axr
m,tcl,f,t,sh,t,tcl,hv,tcl,z,tcl,p
bcl,k,dcl,y,tcl,epi,dcl,z,en,k,k,z
y,axr,axr,bcl,d,iy,z,t,r,epi,tcl,axr
ix,m,iy,axr,uw,n,gcl,m,ow,ih,ix,z
l,ih,ih,ih,iy,m,n,gcl,z,axr,uw,ow
ax,axr,axr,eh,dcl,d,axr,axr,axr,t,t,ix
n,dcl,pau,dcl,pau,z,dcl,z,dcl,tcl,tcl,d
s,k,k,tcl,s,k,tcl,s,ng,k,z,s
epi,s,ch,z,ch,sh,s,tcl,z,s,s,tcl
w,ix,ix,dh,ih,ih,er,eh,ix,axr,ix,iy
ix,ix,w,ih,ix,ix,dh,ih,ix,axr,eh,ax
th,sh,tcl,n,bcl,kcl,gcl,sh,ax,iy,s,sh
ax,ix,l,ae,ix,ix,ax,ix,dcl,ax-h,ax,n
pcl,kcl,f,kcl,kcl,ax,n,z,n,bcl,s,kcl
p,ch,g,hv,ch,ch,f,ch,tcl,ch,f,k
ey,axr,axr,axr,axr,r,r,ax,ix,axr,l,axr
sh,s,n,s,s,tcl,z,tcl,z,dcl,s,n
en,t,tcl,d,epi,tcl,pau,en,t,t,d,z
tcl,d,tcl,epi,en,z,d,s,dcl,s,pau,d
q,ix,axr,ix,p,ix,d,gcl,axr,uh,ix,ix
ih,n,n,n,s,ix,dcl,ih,gcl,tcl,l,z
f,tcl,tcl,tcl,sh,s,gcl,tcl,s,kcl,z,n
pcl,g,g,ch,pau,ch,z,t,tcl,en,s,g
p,axr,t,axr,z,epi,en,t,tcl,axr,s,en
iy,t,axr,t,tcl,z,axr,en,epi,d,n,t
pcl,tcl,tcl,n,dcl,s,tcl,s,z,z,tcl,dcl
p,en,el,epi,z,t,d,en,en,tcl,s,t
el,t,p,z,epi,en,tcl,tcl,t,d,s,t
w,d,t,s,s,tcl,d,n,en,d,z,t
er,d,t,en,z,tcl,epi,d,d,ix,axr,g
m,z,tcl,kcl,s,dcl,z,z,tcl,epi,z,s
ao,s,eh,ch,ae,d,aw,t,z,s,d,s
r,ax,kcl,m,axr,tcl,en,n,iy,ix,ax,z
dcl,s,kcl,s,tcl,z,tcl,tcl,s,n,s,n
jh,k,dcl,k,tcl,epi,en,t,k,z,ch,d
eh,axr,d,aw,axr,ao,z,tcl,t,axr,d,axr
n,tcl,m,ng,z,tcl,tcl,iy,dcl,tcl,n,dcl
er,t,hh,dcl,t,d,en,t,pau,d,axr,s
ix,tcl,z,z,n,tcl,n,s,tcl,tcl,s,dcl
s,n,f,n,z,n,pcl,tcl,s,s,tcl,z
dh,z,dcl,k,epi,tcl,z,tcl,t,en,z,en
eh,axr,ow,iy,axr,axr,ay,axr,m,z,r,tcl
r,tcl,dcl,axr,d,tcl,z,m,ng,n,t,en
dcl,z,dcl,dh,z,n,z,bcl,dcl,s,z,tcl
b,axr,iy,t,axr,en,en,d,tcl,d,epi,axr
iy,tcl,b,tcl,en,z,epi,m,axr,d,t,tcl
n,z,n,z,bcl,tcl,s,tcl,z,tcl,z,z
ow,eh,iy,ey,eh,axr,n,z,dcl,d,t,tcl
n,tcl,n,dcl,tcl,d,tcl,ow,z,z,epi,s
iy,d,ow,eh,axr,z,d,dcl,tcl,d,s,n
dcl,s,s,ix,n,tcl,s,dcl,dcl,ng,s,z
d,ch,f,ch,ch,ch,tcl,z,z,ch,dcl,epi
f,z,d,ch,ch,z,tcl,dcl,z,epi,k,tcl
axr,axr,axr,axr,en,axr,m,z,eh,ux,el,t
w,z,ux,n,z,tcl,iy,z,z,en,tcl,axr
eh,z,ae,hv,r,z,er,z,ng,n,iy,y
l,ix,n,ux,iy,ix,ae,r,en,eh,axr,ix
f,s,s,kcl,z,s,z,tcl,dcl,ix,s,pcl
eh,axr,ae,axr,axr,r,axr,ae,axr,z,l,t
r,axr,axr,ix,eh,axr,z,m,axr,n,axr,tcl
d,ix,d,ow,ao,ih,ey,ix,l,eh,iy,ix
ow,ih,ay,ow,l,d,l,ih,ih,eh,eh,ey
n,p,m,hh,n,ih,p,ay,k,sh,axr,w
ae,eh,ae,ao,eh,r,w,tcl,er,ch,eh,w
s,z,ng,tcl,kcl,s,g,dcl,z,tcl,z,z
kcl,tcl,tcl,z,tcl,en,epi,ch,en,t,tcl,s
m,tcl,n,iy,tcl,tcl,s,pau,z,epi,axr,tcl
ix,axr,ao,iy,iy,m,n,axr,s,ix,axr,er
tcl,k,hh,t,k,p,ix,q,ih,k,axr,z
t,ix,ix,dh,ux,k,iy,ix,ax,ix,ix,iy
ix,ix,ix,ix,ax,ax,t,ix,n,ux,en,ix
kcl,s,z,s,kcl,s,f,ix,sh,kcl,n,pcl
k,bcl,hh,hv,pau,m,v,dcl,dh,bcl,bcl,kcl
eh,ay,ay,ay,eh,ax,aa,el,axr,b,er,ow
r,r,ae,y,ae,r,aa,m,ax,iy,r,r
iy,iy,ix,ng,dh,y,dcl,iy,ae,dcl,iy,r
ix,n,iy,ae,hv,dh,w,zh,f,z,n,s
n,s,m,z,s,dh,hh,f,iy,n,s,n
oy,iy,iy,m,ax,dh,ay,er,n,eh,b,iy
l,z,zh,ux,ih,hh,z,iy,dcl,z,el,r
iy,ux,ux,iy,n,en,l,ix,tcl,iy,er,ux
r,gcl,hh,n,n,k,z,m,s,gcl,z,gcl
ae,ax,uw,aa,ey,l,ax,oy,ax,ix,ih,r
gcl,q,v,s,n,q,q,kcl,tcl,dcl,bcl,dcl
g,dh,dh,epi,k,jh,dh,k,dh,pcl,f,d
l,ae,ae,eh,axr,q,ae,r,p,t,ey,ae
ay,eh,ay,ay,eh,r,l,eh,g,n,ao,ix
kcl,tcl,tcl,pcl,tcl,s,ix,z,pau,n,dcl,s
dh,dh,dh,g,ix,m,pcl,z,k,p,dh,d
ae,eh,eh,ae,ae,ax,ey,b,l,ay,eh,axr
tcl,n,z,tcl,n,s,s,dcl,tcl,n,n,tcl
dh,t,en,t,s,eh,ix,ae,t,n,w,axr
axr,t,t,t,en,dh,ax,s,n,ae,kcl,f
r,r,r,l,eh,aa,r,b,ae,eh,r,b
eh,ey,w,ey,iy,eh,eh,l,ey,axr,ix,axr
kcl,s,k,f,s,s,hv,ch,ch,tcl,z,kcl
k,en,ch,en,tcl,en,r,q,g,t,axr,t
er,iy,ix,iy,iy,hh,dh,m,ix,w,r,p
dcl,z,dcl,z,s,z,z,s,tcl,z,s,s
t,tcl,t,epi,z,tcl,jh,s,k,t,tcl,d
iy,ae,n,ih,ey,r,eh,ae,eh,w,axr,ae
m,z,iy,n,z,s,dcl,z,n,d,z,tcl
z,tcl,dcl,t,tcl,ch,tcl,sh,s,tcl,ch,epi
w,axr,n,axr,axr,axr,ix,ix,t,eh,t,en
ix,axr,ix,en,m,n,axr,iy,axr,axr,w,n
th,ch,tcl,ch,gcl,ix,pcl,pcl,z,z,ch,dcl
r,axr,ow,el,eh,b,eh,axr,axr,axr,axr,axr
ow,axr,ux,ih,r,n,iy,axr,axr,l,axr,ey
m,z,z,f,s,f,bcl,z,z,p,n,gcl
ae,axr,el,axr,b,axr,ow,g,z,tcl,gcl,axr
n,tcl,sh,dcl,s,tcl,n,tcl,s,tcl,z,tcl
s,ch,z,dcl,pau,ch,tcl,k,tcl,ch,z,dcl
ix,axr,eh,uw,axr,axr,axr,ix,d,t,axr,s
n,m,w,m,iy,n,s,m,ix,axr,g,pau
ix,tcl,ax,n,sh,tcl,en,z,epi,s,tcl,d
dcl,tcl,z,gcl,s,t,ch,tcl,pau,tcl,sh,pcl
v,z,t,z,tcl,z,epi,g,ch,tcl,s,z
eh,axr,ix,uw,w,axr,axr,axr,r,ix,axr,t
n,tcl,tcl,f,ix,tcl,tcl,tcl,z,z,z,dcl
tcl,z,ch,n,z,tcl,pcl,z,z,ch,z,epi
ch,z,tcl,tcl,z,z,ch,ch,epi,dcl,z,z
axr,axr,axr,axr,t,ix,axr,en,d,t,en,tcl
s,s,pau,n,hh,s,s,s,s,z,tcl,s
ah,eh,eh,aa,eh,ae,eh,ey,ae,aa,q,b
m,s,w,s,s,ux,ao,en,tcl,ix,ng,eh
ax,ax,b,aa,pcl,ax,l,ax,t,th,r,ax
v,f,tcl,f,v,dcl,hv,pcl,dh,m,z,t
dh,tcl,epi,tcl,pcl,f,p,er,v,tcl,r,iy
eh,aa,aa,dh,aa,ao,eh,ix,eh,ah,r,t
m,s,gcl,k,n,s,hv,m,f,gcl,s,dcl
q,jh,dcl,kcl,q,z,pau,hh,jh,jh,s,z
ix,ix,ix,th,dcl,kcl,ix,ix,s,s,kcl,n
gcl,s,v,pau,pcl,s,z,f,kcl,dcl,s,th
n,k,kcl,y,q,tcl,epi,g,w,ch,k,k
ao,w,w,dh,ae,p,ax,eh,w,l,ih,iy
r,ix,ax,ih,er,axr,axr,ix,l,ix,r,ih
dcl,m,th,z,m,dcl,axr,kcl,m,ax,z,jh
dh,t,d,p,iy,dh,t,ix,t,dh,d,tcl
ax,ix,ix,axr,ix,ix,ax,r,ih,ih,ix,ix
tcl,s,s,sh,kcl,kcl,pcl,tcl,s,n,tcl,s
t,k,tcl,hv,gcl,pau,pau,k,k,ax-h,k,pcl
eh,ao,ey,t,iy,q,ao,ih,g,el,w,dh
kcl,kcl,kcl,th,tcl,kcl,f,dcl,v,bcl,el,s
k,jh,jh,en,ix,pau,jh,s,k,k,jh,en
s,s,ix,sh,pcl,s,s,z,th,s,s,pcl
tcl,ch,kcl,g,f,ch,s,n,ch,f,k,epi
t,q,q,w,iy,dh,t,axr,hh,hv,q,p
q,er,er,ax,l,q,w,ow,q,ix,er,ey
eh,eh,ih,ax,eh,r,er,ix,ix,eh,ax,eh
n,pcl,v,tcl,n,pcl,kcl,f,pau,pcl,q,t
hv,k,tcl,pau,f,k,t,z,k,epi,pau,p
ae,axr,eh,ae,w,aw,axr,r,axr,d,ix,er
dx,kcl,dh,v,tcl,dx,q,dcl,ng,s,kcl,kcl
ax,ax,ax,ax,t,dh,ax,k,ix,ih,w,dh
pcl,tcl,tcl,tcl,dcl,tcl,kcl,s,tcl,dcl,kcl,ng
p,s,dcl,pcl,s,k,th,epi,pau,tcl,ch,s
eh,ae,w,ao,ae,ae,ae,eh,eh,ae,r,d
er,r,ih,dh,ay,l,r,er,l,r,eh,ih
n,kcl,q,gcl,f,f,s,kcl,tcl,m,kcl,dcl
q,p,n,p,hv,f,kcl,kcl,n,p,dcl,m
l,s,dh,pau,ao,iy,g,s,er,k,jh,s
iy,iy,ey,d,iy,iy,ux,q,ix,s,l,ax
m,bcl,tcl,kcl,bcl,f,bcl,dcl,th,pau,ch,hv
eh,ao,er,ae,d,b,ih,ah,el,pau,ao,ch
m,q,gcl,q,m,n,kcl,tcl,pcl,ng,hh,q
er,ay,q,ay,g,ih,q,ao,ay,p,t,pcl
ay,ao,ay,ao,ao,p,aa,axr,ih,ay,q,t
z,z,gcl,z,ng,v,n,n,z,z,ng,kcl
dcl,kcl,z,kcl,tcl,kcl,f,jh,z,en,ch,g
dh,q,dcl,q,dh,dh,en,tcl,ng,jh,tcl,q
ax,ax,ay,ax,ax,ix,t,ix,iy,l,ax,dh
w,n,sh,bcl,bcl,n,n,s,v,n,bcl,n
er,l,ay,ux,l,aa,ay,ao,eh,ax,l,ow
dcl,dcl,s,dcl,kcl,n,v,bcl,z,dcl,n,dcl
d,s,s,sh,k,pau,ax,z,s,s,s,en
s,k,d,k,k,s,k,s,d,z,k,sh
epi,t,g,t,d,m,k,epi,hh,t,tcl,n
l,n,m,n,ae,er,ow,eh,q,oy,ae,n
ao,eh,eh,ih,nx,r,ao,eh,aa,v,q,ax
ng,n,kcl,dcl,dcl,n,n,pau,tcl,kcl,v,el
ax,k,s,k,k,z,sh,s,k,th,d,pcl
gcl,kcl,y,f,dcl,kcl,pcl,kcl,gcl,pcl,n,s
g,t,d,hh,f,p,d,f,epi,epi,t,t
ow,l,ay,r,eh,ae,l,l,axr,d,l,axr
p,tcl,k,t,v,hv,tcl,tcl,t,pau,m,z
r,aa,eh,aa,r,aa,eh,ae,l,aa,ey,aa
ae,eh,eh,ae,eh,ax,l,aa,aa,eh,ih,uh
kcl,dcl,kcl,dcl,q,kcl,dcl,tcl,z,kcl,dcl,dh
t,ax,ix,ax,ix,ax,dh,ax,ix,ax,ix,ux
ix,ix,ix,th,kcl,pcl,n,ix,tcl,ix,q,pcl
kcl,th,kcl,kcl,gcl,th,v,tcl,th,pau,n,m
k,dh,axr,dh,l,ch,r,aa,ao,p,l,dh
l,l,eh,l,axr,l,l,iy,ax,iy,r,ix
iy,iy,dx,iy,y,axr,dh,iy,ix,iy,th,ax
ao,ay,ao,ao,ay,ay,ih,kcl,l,s,t,q
l,ix,ih,ix,w,ax,ix,ax,q,uh,axr,dh
f,kcl,tcl,sh,tcl,kcl,tcl,s,f,kcl,s,kcl
ao,ao,eh,aa,iy,oy,ao,ao,ae,er,l,el
r,ix,eh,eh,n,l,ix,t,ix,r,ax,iy
kcl,s,pcl,y,kcl,s,s,gcl,f,sh,gcl,dcl
k,g,g,th,k,t,hh,f,g,p,d,r
ae,ax,ax,ay,w,ae,ow,ax,r,ix,ax,ae
s,s,tcl,tcl,tcl,s,sh,sh,s,s,d,s
epi,f,d,g,t,f,d,hh,tcl,pau,f,f
m,er,er,hh,l,ux,ih,ae,r,eh,er,iy
eh,ix,iy,m,ix,eh,er,er,iy,ey,ax,ix
n,tcl,tcl,z,tcl,v,z,tcl,z,n,z,tcl
tcl,s,tcl,ch,gcl,z,s,kcl,ch,kcl,tcl,s
sh,ch,ch,pcl,s,g,ch,ch,t,ch,hv,ch
ix,axr,axr,ae,ix,ix,axr,ax,axr,ih,ax,iy
n,n,n,s,n,s,dcl,n,kcl,tcl,dcl,z
uw,ax,oy,ax,ax,ey,ih,ae,w,ux,r,iy
ix,axr,axr,axr,l,v,axr,nx,eh,ih,ih,ae
n,n,ay,s,tcl,l,n,axr,dcl,tcl,n,n
ix,d,d,ax,ax,d,t,pau,s,s,ix,en
kcl,kcl,kcl,kcl,kcl,tcl,f,s,dcl,q,jh,gcl
k,s,s,s,s,s,k,k,k,t,t,tcl
s,s,ch,kcl,z,pau,p,s,s,s,pau,m
ay,ay,ay,ay,ix,ay,eh,w,ow,b,ae,axr
dx,r,dcl,r,r,axr,ix,ix,n,r,v,ih
iy,z,d,axr,ng,z,z,dcl,ix,z,dcl,hh
ng,kcl,bcl,jh,dcl,kcl,kcl,ix,m,ix,l,v
pcl,s,f,z,gcl,kcl,dcl,s,s,pcl,kcl,dcl
p,f,g,hh,d,epi,tcl,t,epi,f,f,dcl
r,ae,ow,ay,r,d,ae,ae,ay,eh,bcl,ae
aa,ao,ae,ao,r,ao,eh,r,l,axr,er,axr
dx,ix,l,ay,er,eh,ax,ih,aa,ix,ix,ih
ix,axr,ax,dx,ix,iy,axr,ix,k,tcl,iy,axr
kcl,s,dcl,n,dcl,kcl,s,kcl,pcl,ng,z,s
k,ch,ax-h,s,bcl,tcl,f,ch,ch,dcl,d,z
s,f,tcl,k,bcl,f,q,f,g,hv,z,ch
ah,q,q,l,w,q,eh,p,p,b,eh,r
n,z,tcl,m,kcl,z,dcl,s,f,z,tcl,z
ax,t,q,w,ah,axr,l,axr,t,t,ix,ix
hv,pcl,tcl,tcl,pcl,s,pcl,v,pcl,kcl,tcl,dcl
axr,uw,l,w,d,p,uw,eh,el,axr,b,ae
ay,r,ux,dh,ae,r,r,l,f,z,ao,sh
z,s,s,z,dcl,gcl,dcl,s,s,s,kcl,z
en,s,k,tcl,z,en,t,s,s,jh,d,s
dh,axr,eh,uw,r,eh,axr,ix,iy,axr,m,r
eh,ih,dh,eh,uw,r,er,iy,l,iy,ih,ih
n,dcl,dcl,z,dcl,n,z,d,pau,en,s,dcl
s,pcl,sh,z,pcl,th,pcl,g,p,dcl,ch,epi
ih,eh,gcl,l,ax,eh,ae,r,eh,n,z,m
m,z,tcl,z,p,epi,tcl,ch,s,dcl,z,axr
er,axr,eh,ax,r,axr,axr,l,axr,dcl,ix,iy
f,ch,ch,hv,kcl,p,g,t,ch,ch,pcl,p
ih,n,axr,n,iy,n,r,ax,ax,ih,ix,ix
f,ch,ch,ch,pcl,pau,g,ch,pcl,hv,ch,tcl
tcl,t,axr,t,en,axr,z,t,d,en,epi,tcl
t,iy,n,iy,n,gcl,z,tcl,m,iy,axr,ax
iy,s,tcl,s,dcl,tcl,s,s,l,z,dcl,z
m,tcl,axr,z,t,en,tcl,epi,d,en,m,tcl
ix,dcl,dcl,d,dcl,pau,en,jh,dcl,t,t,s
nx,n,n,tcl,m,ax,en,n,z,r,d,tcl
ix,pcl,sh,pcl,tcl,tcl,s,z,s,tcl,pcl,pcl
s,axr,eh,axr,t,z,axr,ch,tcl,en,r,epi
l,n,r,n,eh,l,m,l,n,n,tcl,en
ao,tcl,n,dcl,tcl,hv,d,n,z,tcl,tcl,tcl
ng,en,t,en,s,axr,axr,d,d,tcl,en,tcl
gcl,n,n,m,z,n,tcl,en,t,d,s,pau
g,tcl,s,tcl,axr,z,s,tcl,z,pau,tcl,m
axr,t,s,s,tcl,d,tcl,pau,epi,en,t,t
sh,ch,ch,t,ch,jh,s,s,jh,ch,z,z
iy,n,ax,l,ae,ix,eh,ax,ng,n,q,n
hv,pcl,pcl,dcl,z,p,pcl,sh,k,th,gcl,s
ae,axr,ae,axr,ux,ih,r,d,axr,l,s,d
dcl,tcl,tcl,tcl,sh,f,z,s,s,tcl,s,tcl
y,ch,ch,sh,g,g,ch,pau,ch,ch,en,k
er,axr,axr,ix,r,axr,hh,tcl,axr,k,k,axr
dcl,pcl,tcl,t,pcl,pau,gcl,n,gcl,s,d,pcl
d,axr,aa,iy,r,axr,axr,ix,axr,ae,eh,ax
aa,r,d,eh,d,iy,r,p,l,r,axr,ae
r,axr,ax,n,gcl,ix,axr,axr,axr,iy,n,n
kcl,z,s,z,z,dcl,s,bcl,kcl,z,sh,dcl
s,k,s,k,sh,k,k,tcl,jh,z,epi,sh
ux,ix,ix,ix,w,axr,w,axr,ix,iy,n,eh
tcl,dcl,tcl,z,z,z,dcl,pau,tcl,tcl,dcl,dcl
ix,en,t,pau,t,ix,d,axr,en,s,en,axr
n,tcl,tcl,tcl,tcl,en,tcl,z,epi,en,pau,z
gcl,ch,gcl,ch,ch,gcl,s,ch,f,ch,k,hv
g,g,g,g,pcl,ch,ch,f,epi,z,t,tcl
r,axr,r,axr,axr,axr,ix,axr,r,iy,axr,axr
iy,n,n,iy,n,s,axr,gcl,iy,axr,n,tcl
s,tcl,s,tcl,z,dcl,n,s,tcl,tcl,z,s
iy,axr,axr,en,axr,tcl,axr,en,d,en,epi,t
w,tcl,pcl,tcl,tcl,tcl,z,epi,pcl,tcl,z,s
ao,r,iy,axr,ix,r,q,eh,t,aa,r,axr
sh,tcl,m,tcl,tcl,s,tcl,sh,tcl,n,s,z
epi,z,epi,tcl,z,tcl,z,jh,k,z,dcl,en
w,axr,axr,axr,p,t,axr,axr,z,r,d,en
aa,g,eh,m,gcl,z,ih,t,tcl,g,r,n
dx,axr,axr,m,z,axr,tcl,tcl,s,epi,axr,en
axr,tcl,dx,m,iy,axr,z,tcl,s,tcl,tcl,epi
ao,d,z,m,q,t,d,tcl,axr,ix,d,s
l,eh,er,n,ax,eh,ix,axr,en,z,t,tcl
y,tcl,y,m,tcl,s,bcl,tcl,z,n,tcl,tcl
ih,axr,ih,iy,m,axr,n,z,axr,ix,t,axr
axr,axr,dcl,ix,axr,axr,d,eh,tcl,g,z,n
hh,t,epi,p,y,p,g,g,tcl,ch,t,t
ih,axr,aw,eh,m,ih,axr,ao,ix,aa,r,dh
z,s,z,tcl,z,f,ng,v,jh,n,s,s
tcl,s,tcl,s,s,s,k,tcl,pcl,sh,sh,dcl
t,tcl,p,pau,t,hv,k,tcl,f,ax,ax-h,tcl
ah,aa,r,ae,w,el,aa,t,aa,ao,eh,dh
f,kcl,kcl,kcl,dcl,kcl,dcl,f,f,kcl,s,sh
pau,s,s,n,pcl,pcl,z,s,f,s,s,tcl
q,b,w,t,eh,p,bcl,l,b,b,ao,eh
aa,r,er,aa,r,aa,r,r,l,ih,eh,ae
nx,ay,m,dh,ay,iy,w,ah,ay,dh,ix,dx
ih,ix,ih,d,dh,w,er,eh,ix,ix,d,p
s,tcl,tcl,dcl,tcl,s,z,sh,kcl,sh,tcl,ng
tcl,pcl,pcl,pau,t,tcl,ch,f,th,pcl,jh,kcl
t,k,p,b,q,g,k,k,b,dh,k,en
iy,ix,l,ih,axr,r,l,ix,m,ix,ix,ey
kcl,s,t,ch,sh,s,s,z,pau,gcl,ng,k
k,kcl,q,f,kcl,hv,pau,p,hh,s,kcl,epi
ix,ix,ax,ix,iy,ax,d,ix,ah,r,ix,y
n,pcl,n,pcl,tcl,pcl,er,ng,s,s,pau,ng
dcl,dcl,dcl,gcl,dcl,s,dcl,gcl,tcl,tcl,k,gcl
d,d,eh,d,r,r,d,g,aa,ae,d,aa
eh,aa,aa,d,ae,d,aa,d,b,r,uw,aa
m,kcl,pcl,kcl,q,zh,kcl,n,n,epi,tcl,sh
z,s,dcl,sh,gcl,s,pau,tcl,ch,s,z,f
ih,ix,eh,ux,ih,ix,uw,l,eh,er,ix,ih
m,pau,jh,w,dcl,pau,tcl,pau,t,dcl,d,axr
tcl,s,sh,s,f,s,s,k,f,pau,tcl,s
t,ch,ch,kcl,ch,f,v,s,s,ch,t,d
ux,t,m,dcl,iy,r,t,sh,p,ax-h,n,ix
q,ih,iy,ix,ax,kcl,ih,ih,l,uh,ah,th
ey,l,ch,axr,iy,l,l,eh,w,l,hv,axr
s,s,tcl,s,s,tcl,s,k,ng,s,epi,q
aa,ae,eh,ih,b,ae,dh,w,uw,eh,r,ae
l,aa,ae,ao,aa,aa,d,ow,l,aw,aa,ux
ax,er,ao,hh,er,ih,ey,ay,d,ax,er,iy
tcl,kcl,kcl,n,kcl,zh,z,n,k,f,kcl,pcl
t,t,k,t,hv,jh,z,g,t,th,k,sh
eh,ih,ux,b,ux,ax,l,ih,eh,iy,ih,ax
r,ux,ux,ux,eh,w,ey,uw,ax,v,b,t
iy,ix,n,w,ix,ix,ux,iy,n,uw,axr,en
q,k,k,tcl,kcl,th,t,tcl,s,k,k,k
eh,l,l,eh,l,axr,ch,t,m,l,oy,ao
n,kcl,tcl,z,s,epi,dcl,n,n,tcl,kcl,kcl
dcl,gcl,gcl,gcl,tcl,ax,dcl,s,gcl,z,f,sh
d,t,ih,p,aa,t,t,hh,pau,dh,w,er
ih,w,d,t,aa,ey,w,k,w,hh,l,ix
f,z,n,kcl,v,z,s,k,z,s,f,m
ix,ix,t,r,y,dh,ix,ax,ix,w,ah,ih
kcl,kcl,kcl,th,gcl,pcl,tcl,bcl,sh,kcl,kcl,ix
k,t,tcl,p,q,k,tcl,t,k,epi,m,t
el,ix,ao,l,er,r,ix,ix,dh,iy,aa,eh
tcl,n,z,n,s,s,z,epi,kcl,n,gcl,dcl
t,k,ch,sh,th,s,pcl,kcl,k,ng,k,t
ih,k,g,k,ix,k,l,ao,r,iy,dcl,ix
gcl,s,pcl,s,kcl,s,bcl,k,n,s,f,kcl
z,f,k,t,ch,f,pau,kcl,gcl,gcl,bcl,f
ih,l,r,l,g,eh,q,ey,k,l,iy,d
s,z,tcl,z,z,ng,v,ih,z,kcl,tcl,z
tcl,t,f,t,ch,p,t,pcl,tcl,jh,z,v
t,dcl,k,dh,p,dcl,ch,t,tcl,l,jh,bcl
ix,d,l,er,iy,dh,ix,d,p,d,t,w
n,ix,ix,th,iy,uh,ix,ix,l,ix,ix,ih
epi,s,dcl,s,z,dcl,s,dcl,s,z,dcl,s
s,t,t,d,s,t,k,z,epi,pau,tcl,en
r,axr,axr,axr,axr,axr,r,t,m,ix,ow,z
ax,eh,axr,r,m,axr,r,gcl,m,ih,eh,eh
m,z,dcl,iy,n,z,tcl,d,z,tcl,tcl,z
ux,axr,iy,iy,ix,axr,axr,n,dcl,axr,dcl,n
v,ch,ch,pcl,ch,k,epi,s,hv,sh,ch,jh
dh,axr,q,axr,z,axr,t,axr,ng,hv,en,t
ix,ix,ih,ih,ix,iy,axr,er,ix,w,ix,iy
s,dcl,z,epi,dcl,z,s,s,dcl,dcl,n,dcl
pcl,s,k,pau,z,s,pcl,s,kcl,ch,th,ch
p,q,k,p,q,k,z,q,hv,epi,tcl,t
l,axr,eh,r,w,axr,ix,axr,ax,ch,r,ay
ih,l,ao,ix,eh,l,eh,l,ix,n,dh,iy
n,kcl,kcl,kcl,f,s,tcl,n,ng,bcl,sh,dcl
tcl,ch,t,f,d,d,k,ch,ch,f,ch,kcl
t,ch,f,k,tcl,d,hh,ix,ch,ch,f,ch
er,axr,axr,iy,ae,dh,axr,eh,ae,eh,ah,w
w,l,n,l,l,ao,iy,hv,r,z,ux,eh
ih,eh,r,gcl,ax,ao,hv,iy,eh,eh,eh,ae
th,dcl,dcl,q,z,z,axr,dcl,el,tcl,z,dcl
ax,n,n,axr,ix,ix,axr,tcl,n,en,d,ux
pcl,s,tcl,s,z,tcl,s,n,dcl,dcl,s,z
p,ch,t,ch,ch,ch,k,ch,tcl,epi,tcl,jh
eh,eh,eh,eh,y,ae,axr,d,ax,ax,l,aw
er,iy,ih,iy,ow,iy,n,iy,r,b,hh,m
ix,axr,axr,ax,axr,iy,ix,r,axr,er,axr,axr
v,z,z,z,bcl,s,z,tcl,tcl,pau,z,s
tcl,z,s,z,tcl,z,tcl,s,z,z,d,s
t,ch,ch,f,ch,p,hv,p,ch,ch,epi,pcl
w,axr,iy,axr,axr,ih,iy,ix,eh,axr,aw,axr
iy,iy,n,ih,n,iy,w,iy,m,m,iy,z
z,z,tcl,s,z,gcl,z,tcl,ch,s,ao,z
axr,axr,axr,axr,axr,t,r,d,en,s,z,ix
s,z,tcl,n,tcl,s,z,dcl,z,pau,n,dcl
g,axr,w,ch,axr,axr,axr,axr,iy,t,r,ix
eh,ao,ao,ix,w,axr,l,eh,ih,iy,q,g
s,tcl,sh,s,tcl,tcl,kcl,pcl,s,pcl,tcl,ch
dh,axr,axr,dh,t,tcl,t,en,axr,axr,z,s
ax,n,n,ix,tcl,n,gcl,axr,n,m,z,en
kcl,tcl,tcl,kcl,n,kcl,s,sh,s,tcl,tcl,dcl
k,p,k,p,q,p,dh,epi,z,pcl,tcl,t
w,axr,ch,eh,g,p,ay,z,axr,t,tcl,axr
ao,ix,eh,ix,axr,axr,eh,t,ix,ax,n,ch
r,axr,n,axr,nx,l,ix,axr,gcl,ix,tcl,m
sh,tcl,tcl,tcl,s,tcl,z,n,s,tcl,kcl,z
tcl,t,ch,tcl,t,en,z,k,d,t,epi,s
ch,axr,tcl,t,axr,en,axr,t,d,axr,s,tcl
ix,axr,axr,t,ch,tcl,axr,en,axr,axr,ix,en
n,s,s,tcl,tcl,n,z,ax,s,z,tcl,s
f,z,k,ch,dcl,tcl,z,s,z,d,s,z
axr,ih,b,ay,y,axr,iy,ih,eh,r,ow,ih
m,n,dh,ih,ng,n,ae,l,iy,n,y,iy
dh,dcl,iy,ae,l,ng,ih,m,y,dcl,hv,b
iy,y,dh,ae,l,ih,hv,m,y,ng,b,eh
ae,hv,iy,dh,eh,ng,m,y,hv,l,r,ih
n,z,z,z,n,l,s,eh,z,pau,n,n
s,z,z,tcl,tcl,z,d,tcl,n,z,z,z
axr,en,axr,r,ix,axr,en,axr,t,en,en,tcl
q,eh,ey,q,l,axr,ax,eh,l,ae,r,eh
ey,q,ax,ae,q,er,eh,ix,q,axr,ih,l
l,r,s,ix,g,ow,axr,en,bcl,b,gcl,r
aa,eh,eh,axr,ow,w,l,ah,ae,r,b,eh
r,l,w,eh,ao,axr,ix,dcl,l,ih,r,q
dcl,s,s,f,sh,jh,kcl,tcl,s,z,gcl,sh
jh,ch,k,k,ch,t,pau,t,dcl,ch,dcl,z
hv,n,dh,y,b,bcl,hh,b,n,ay,dcl,n
aw,eh,ih,m,eh,l,r,iy,eh,er,ae,ow
s,z,s,ix,bcl,s,z,n,z,z,bcl,f
hh,t,t,w,dh,k,hh,hh,t,y,ih,hv
ow,eh,ae,eh,er,iy,axr,m,dh,axr,eh,ih
l,r,n,l,w,iy,hv,eh,ae,r,r,ux
dcl,z,bcl,z,z,z,s,dcl,z,z,dcl,d
d,pau,z,pau,t,pau,en,d,tcl,dcl,dcl,s
pau,s,z,pau,tcl,z,dcl,s,t,dcl,s,n
n,tcl,p,d,tcl,ey,w,z,epi,ch,tcl,g
iy,r,q,ax,ey,r,ae,ae,axr,gcl,r,iy
dcl,s,dcl,sh,z,n,s,tcl,z,m,s,s
z,ch,dcl,p,ch,z,s,pcl,ch,ch,jh,tcl
l,p,n,l,p,z,dcl,d,w,m,ae,gcl
aa,b,ow,ae,b,b,el,r,aa,r,b,eh
tcl,f,kcl,f,kcl,s,m,s,pcl,f,z,n
s,f,f,d,z,tcl,kcl,hh,f,s,k,ch
ax,iy,b,eh,ae,hv,iy,ae,axr,eh,iy,axr
v,dcl,dcl,dh,dcl,dcl,ux,dcl,z,hh,dcl,el
ax,iy,ux,iy,l,ah,t,ix,r,iy,dh,m
pcl,f,s,z,z,pcl,tcl,f,ix,f,pcl,m
p,ch,t,ch,p,dcl,jh,g,k,f,ch,tcl
l,l,ux,q,l,ey,l,t,ae,r,eh,ax
ay,eh,eh,n,ax,gcl,m,ix,uw,ih,l,eh
ix,t,r,q,hh,axr,er,pau,dcl,t,t,z
n,pau,en,ix,n,ng,ux,tcl,iy,ix,pau,pau
s,s,s,z,kcl,s,k,pcl,tcl,f,gcl,sh
eh,axr,axr,iy,ao,axr,axr,r,r,axr,axr,ix
s,z,s,s,z,z,dcl,dcl,z,tcl,tcl,z
t,axr,w,n,axr,axr,t,z,axr,d,en,en
ao,ax,w,ax,l,ax,ix,n,eh,w,ih,ix
r,g,s,th,kcl,g,ix,m,pcl,gcl,ch,t
n,iy,r,b,ow,eh,b,n,ih,el,iy,iy
ey,r,r,aa,r,p,eh,b,axr,r,ae,ow
dx,ix,ow,ax,ux,iy,r,ix,m,tcl,n,z
ow,iy,dx,r,ux,ch,k,l,ix,aa,iy,axr
z,tcl,k,tcl,t,tcl,w,tcl,tcl,pcl,dh,v
ao,r,aa,t,aa,ae,aa,r,d,r,g,r
f,m,pcl,kcl,m,m,dcl,tcl,tcl,tcl,m,s
tcl,s,f,kcl,jh,gcl,s,en,z,s,pau,g
t,s,s,k,ng,s,t,k,pcl,ax,ix,tcl
ix,th,ax-h,f,k,axr,kcl,axr,th,n,th,sh
n,s,hv,f,pcl,s,m,gcl,dcl,z,s,tcl
dcl,pau,jh,epi,pau,g,k,tcl,ix,s,z,q
d,dh,iy,p,ih,dh,dh,ix,ix,d,axr,t
ih,ix,w,dh,axr,ix,d,ix,er,ix,ax,ix
s,pcl,bcl,kcl,pcl,sh,gcl,tcl,z,tcl,s,pcl
tcl,pcl,kcl,s,k,ch,kcl,pcl,pcl,ch,d,k
t,k,d,y,f,s,kcl,k,k,kcl,k,f
r,ah,aa,r,bcl,ah,ax,axr,iy,ao,ay,y
oy,l,ao,m,eh,ay,axr,dx,axr,l,l,ax
q,s,epi,s,kcl,ix,tcl,q,dcl,n,s,sh
ey,er,w,er,q,n,t,ae,l,er,hh,er
kcl,n,t,f,q,s,tcl,n,gcl,bcl,hv,n
k,v,p,epi,tcl,g,bcl,ch,v,ch,v,q
er,iy,l,iy,ix,hv,iy,d,w,l,ix,dh
z,s,z,tcl,ch,s,n,bcl,sh,s,s,ch
ax,ix,ix,axr,ix,ix,axr,iy,ey,ix,ix,k
v,axr,s,tcl,dcl,ix,n,z,axr,axr,tcl,v
f,s,s,pau,en,bcl,v,s,z,dcl,dcl,s
aa,r,uw,t,eh,ae,ao,r,r,tcl,dh,axr
r,axr,eh,iy,axr,r,ix,m,z,ax,axr,axr
m,tcl,tcl,tcl,tcl,s,kcl,n,tcl,z,w,n
l,k,eh,ng,en,ch,y,dcl,d,k,tcl,epi
ae,axr,axr,eh,ux,z,tcl,r,en,axr,axr,z
n,en,tcl,en,pau,d,tcl,z,epi,s,z,en
dcl,tcl,tcl,d,pau,tcl,en,z,z,s,tcl,en
d,en,t,en,tcl,en,t,pau,epi,s,tcl,s
b,aa,ae,d,aa,aa,iy,r,aa,d,r,ae
ow,eh,ae,aa,ey,uw,ux,eh,aa,eh,ay,d
f,jh,z,jh,dcl,kcl,m,n,pau,s,jh,z
ih,r,axr,r,uw,r,n,er,w,iy,l,r
gcl,g,s,g,f,s,z,g,v,k,tcl,iy
g,axr,r,axr,axr,axr,axr,t,r,ch,iy,s
axr,r,r,ih,tcl,er,axr,r,r,iy,m,axr
z,s,s,sh,pau,tcl,bcl,dcl,s,n,k,m
pau,k,dcl,g,k,dh,ix,k,q,jh,q,w
w,ix,q,l,d,el,ix,d,ix,w,ix,t
uh,ax,ih,ax-h,r,iy,ax,l,ax,ax,ix,axr
dcl,z,y,z,kcl,n,pcl,pcl,f,z,bcl,f
g,axr,iy,el,axr,ix,axr,ih,axr,b,r,er
ow,ix,el,ax,b,eh,ey,iy,ix,w,ih,ix
hh,pcl,s,gcl,k,kcl,pcl,f,th,tcl,v,z
ay,q,q,l,aa,q,epi,g,w,k,w,b
axr,axr,ih,aa,hv,m,eh,iy,iy,axr,axr,ao
q,z,s,n,s,z,tcl,dcl,tcl,z,z,s
ix,en,f,t,pau,en,en,ch,k,ch,epi,k
n,ae,l,k,kcl,f,n,s,pcl,gcl,ae,z
l,n,n,ae,m,axr,b,eh,n,t,iy,f
ey,ey,r,ow,ax,eh,b,axr,ey,axr,n,ey
dx,dcl,n,hv,dcl,z,dcl,dcl,ix,s,n,z
ix,ix,ih,m,axr,axr,iy,w,iy,ix,n,ix
y,n,ng,z,f,sh,kcl,s,n,k,n,dcl
ih,axr,axr,axr,m,r,z,tcl,en,axr,dcl,en
axr,tcl,tcl,z,tcl,z,n,tcl,tcl,n,s,z
z,tcl,tcl,d,pau,epi,tcl,en,t,tcl,s,s
b,aa,aa,d,q,ax,aa,aa,ow,d,ux,b
aa,aa,d,b,aa,ae,aa,ax,aa,eh,ae,ay
bcl,tcl,kcl,tcl,s,tcl,pcl,f,m,th,tcl,f
f,tcl,t,tcl,tcl,v,f,g,tcl,g,k,dcl
aw,aa,aa,r,er,ao,axr,t,eh,m,aa,dh
n,tcl,tcl,v,pau,f,kcl,pcl,y,s,z,tcl
m,ch,ch,t,k,er,ao,d,epi,ch,dh,pcl
ao,aa,aw,uw,m,r,aa,aa,p,ix,f,p
r,ix,ih,ax,r,ax,ix,ix,ix,axr,axr,n
kcl,sh,kcl,pau,pcl,k,tcl,sh,pcl,sh,tcl,n
k,k,ch,jh,z,k,k,epi,s,tcl,tcl,k
l,r,r,ux,w,b,r,ax,l,ix,bcl,eh
ae,p,tcl,ax,ch,f,pcl,w,ch,p,p,l
m,tcl,n,kcl,dcl,n,s,tcl,ix,tcl,f,tcl
z,kcl,z,kcl,hh,s,jh,kcl,f,dcl,q,tcl
ix,ix,ix,ax,iy,er,axr,l,ae,ah,ix,ix
tcl,gcl,sh,n,bcl,z,gcl,bcl,s,gcl,kcl,gcl
dh,b,b,oy,pau,b,g,dh,m,t,g,ch
iy,iy,oy,ax,iy,axr,iy,uw,m,r,ae,ax
ow,ax,ey,l,ax,aa,ih,axr,n,r,eh,er
sh,n,kcl,z,n,tcl,k,n,s,z,ch,sh
ix,ix,ax,b,iy,ae,ix,l,dcl,axr,axr,ix
n,s,kcl,s,f,z,z,s,bcl,sh,tcl,s
z,k,p,k,t,dh,k,z,g,n,k,ch
eh,eh,eh,eh,aa,ae,ix,iy,eh,axr,aw,ow
dcl,s,z,z,tcl,s,s,dcl,pau,s,dcl,s
jh,s,s,s,t,epi,k,z,t,d,tcl,en
ae,r,eh,r,ow,er,ay,r,el,er,l,r
l,dcl,dcl,dcl,tcl,ix,tcl,n,t,n,v,dcl
f,s,f,tcl,s,s,s,tcl,sh,kcl,ao,z
ae,ae,l,ey,ay,dh,r,ae,eh,w,ae,z
l,n,axr,axr,ix,er,ng,m,n,v,ih,n
f,f,tcl,d,m,ch,th,f,t,s,tcl,f
ah,eh,ay,axr,ae,r,eh,y,b,bcl,eh,ah
ih,iy,ux,ae,iy,ow,axr,z,r,iy,ae,el
z,tcl,z,tcl,n,z,tcl,pcl,tcl,pcl,t,tcl
hh,tcl,m,k,tcl,k,p,tcl,pcl,tcl,ch,epi
eh,ae,ao,ae,eh,aw,d,ch,ix,ao,ae,tcl
l,ax,r,r,n,ax,nx,ax,dh,n,axr,ih
th,tcl,tcl,t,bcl,th,ix,n,tcl,ch,d,dcl
iy,axr,axr,axr,r,iy,ix,ux,en,axr,er,r
f,z,z,pcl,z,th,f,z,s,kcl,z,pcl
axr,axr,r,axr,axr,ae,axr,r,ow,ix,ae,l
y,tcl,p,ae,n,z,s,tcl,dcl,tcl,en,l
ux,z,ae,z,ng,tcl,q,epi,t,n,s,en
dh,iy,g,iy,iy,l,r,eh,ax,axr,ix,z
iy,iy,r,dh,iy,ax,p,n,eh,iy,axr,l
eh,ix,w,l,eh,n,uw,ix,iy,n,axr,ix
m,tcl,n,tcl,tcl,ax,ch,z,tcl,tcl,f,z
bcl,axr,b,l,g,axr,z,t,axr,epi,axr,en
b,axr,l,bcl,ux,axr,w,axr,z,axr,t,g
l,axr,b,bcl,ux,w,axr,axr,z,g,axr,t
eh,r,iy,axr,gcl,r,ax,n,z,eh,r,t
m,s,dcl,n,s,s,s,tcl,pau,z,dcl,dcl
pau,tcl,d,en,tcl,z,tcl,en,d,z,s,epi
d,ix,iy,ix,ux,ix,q,ix,ux,k,p,axr
iy,ix,d,ax,ux,ix,ix,ih,n,ux,iy,n
pcl,pcl,tcl,gcl,s,gcl,f,tcl,f,n,pcl,pcl
p,l,g,b,l,t,tcl,ch,p,iy,axr,r
ih,iy,iy,eh,r,axr,iy,axr,iy,l,iy,q
kcl,dcl,m,s,n,n,tcl,z,dcl,dcl,dcl,z
k,s,pau,s,d,dcl,z,sh,s,s,jh,s
s,s,s,k,jh,z,z,epi,s,d,s,t
epi,t,dh,t,q,p,v,t,b,kcl,ay,k
dh,tcl,epi,t,p,kcl,q,p,ay,tcl,tcl,z
iy,iy,l,m,uw,ao,axr,l,t,iy,iy,jh
eh,ih,iy,ih,ih,ih,iy,iy,ix,en,ix,ih
kcl,tcl,pcl,tcl,m,s,tcl,s,dcl,tcl,f,kcl
k,f,t,f,tcl,z,w,v,g,pcl,dcl,f
r,aa,ae,axr,r,r,uw,aa,aa,aa,ix,eh
aa,iy,ow,ih,iy,eh,er,q,ax,l,aa,iy
pcl,kcl,f,m,t,dcl,pcl,tcl,kcl,kcl,tcl,k
p,ch,k,t,k,tcl,en,jh,ch,kcl,g,ch
l,iy,hv,iy,er,l,iy,d,ao,axr,ix,dh
uh,ix,ih,iy,ix,ix,iy,l,axr,ix,m,ix
s,s,k,epi,s,s,s,q,q,q,pcl,s
q,t,epi,t,en,z,en,tcl,d,w,k,t
aa,el,p,f,kcl,el,r,ix,ao,z,gcl,ay
l,ix,m,l,eh,ax,ix,w,ix,dx,ch,axr
ix,ax,ax,m,ax,ax,ih,ax,tcl,dh,r,s
gcl,s,q,s,s,tcl,pcl,kcl,z,k,kcl,s
g,q,l,k,p,k,ay,epi,q,q,t,ao
l,ix,g,ay,q,p,k,q,ix,w,ix,l
ow,eh,r,axr,eh,l,n,eh,l,n,ae,ey
p,eh,w,ix,eh,r,ix,uw,eh,ao,aa,r
ao,ix,ux,w,ix,er,l,l,iy,w,ix,n
r,tcl,zh,th,ng,pcl,ax,n,tcl,tcl,n,s
kcl,f,hv,pcl,n,ch,f,sh,kcl,f,pau,kcl
k,ch,g,dh,ix,q,ch,dcl,ih,ch,jh,t
y,ix,ix,p,iy,ux,dh,d,nx,axr,ix,ix
ux,iy,y,ih,ix,n,ix,iy,axr,nx,iy,ih
pcl,s,tcl,z,s,sh,kcl,n,f,kcl,s,pcl
p,epi,ao,dcl,ax,epi,t,dh,bcl,epi,k,jh
ay,l,r,l,ux,ey,d,er,l,aw,ix,ax
n,s,s,dcl,s,s,m,dcl,s,dcl,tcl,n
z,k,t,pau,p,tcl,ch,s,f,k,k,s
r,axr,axr,ix,ix,uw,iy,axr,m,eh,r,hv
iy,ix,iy,n,ix,iy,ih,ix,m,ix,ih,m
z,n,f,z,s,ch,iy,ix,n,n,s,t
eh,ih,ih,w,ix,ih,dh,ax,er,ih,uh,ix
m,n,n,pcl,kcl,th,q,bcl,n,z,ax,ux
bcl,ch,hh,v,p,dh,g,tcl,f,ch,ch,t
b,axr,el,eh,ix,axr,uw,r,axr,axr,eh,axr
el,axr,b,eh,ix,uw,r,axr,axr,eh,ey,axr
s,z,z,dcl,s,n,z,f,z,z,n,d
iy,axr,r,q,ix,axr,y,axr,tcl,en,m,n
q,n,n,l,ng,y,n,iy,tcl,ih,kcl,r
er,axr,axr,axr,ae,r,axr,en,iy,t,r,axr
tcl,z,tcl,s,n,s,z,z,dcl,tcl,z,n
ch,ch,ch,ch,jh,hv,epi,z,s,k,tcl,z
ix,axr,axr,axr,axr,axr,t,en,en,d,tcl,z
n,z,s,tcl,z,dcl,n,z,dcl,s,tcl,z
epi,z,tcl,tcl,en,d,t,z,t,en,z,pau
z,tcl,tcl,epi,t,d,tcl,en,s,s,en,t
d,axr,aa,r,aa,axr,z,axr,ix,s,axr,w
aa,axr,r,ux,r,axr,w,eh,ix,axr,axr,n
kcl,tcl,dcl,z,gcl,ch,tcl,k,s,pau,tcl,jh
t,ch,sh,v,ch,t,ch,jh,en,ch,k,s
er,axr,w,hh,eh,ix,er,n,n,axr,m,axr
zh,n,n,pcl,f,tcl,tcl,pau,n,s,n,dcl
pcl,ch,ch,hv,f,ch,s,ch,kcl,g,t,ch
p,axr,ix,axr,r,axr,ix,axr,t,iy,axr,t
axr,ih,iy,ih,n,ih,ix,n,ih,l,ax,ix
sh,s,s,pau,z,s,tcl,tcl,n,s,dcl,z
kcl,k,k,k,d,f,f,ch,tcl,k,ch,epi
k,k,d,kcl,p,k,f,epi,k,tcl,k,z
r,l,r,l,ae,eh,axr,m,el,l,uw,ae
ay,aa,ah,ax,aa,w,aa,m,dx,er,axr,ao
bcl,tcl,tcl,gcl,s,m,tcl,bcl,tcl,z,sh,kcl
d,kcl,k,k,s,kcl,f,kcl,t,epi,z,tcl
r,tcl,r,f,el,p,kcl,z,uw,tcl,s,tcl
ah,y,ay,ax,aa,w,y,r,q,dx,ao,z
gcl,z,z,z,z,m,s,n,s,z,tcl,pau
g,s,t,k,s,z,d,en,tcl,s,pau,z
z,s,t,epi,z,s,s,z,pau,en,s,d
tcl,z,sh,sh,s,s,tcl,epi,en,z,z,tcl
t,z,z,ch,sh,ch,dcl,v,z,epi,tcl,tcl
uw,axr,ix,axr,axr,axr,ix,eh,axr,r,z,t
f,d,tcl,dcl,d,tcl,z,z,d,en,d,z
r,tcl,axr,tcl,axr,z,tcl,epi,en,t,g,tcl
iy,tcl,t,f,v,p,tcl,z,hv,tcl,tcl,epi
l,axr,iy,iy,l,eh,ng,z,tcl,axr,axr,n
iy,ih,n,axr,ix,m,ih,ih,gcl,ih,axr,ix
dh,axr,ey,iy,eh,l,axr,axr,axr,uw,hh,z
ey,dh,dh,uw,gcl,m,dh,ix,n,z,ax,n
ao,z,ae,t,dcl,z,ix,ux,z,eh,eh,z
l,tcl,f,r,gcl,p,s,n,f,tcl,tcl,z
ay,l,dh,iy,eh,l,eh,ix,ay,l,q,r
kcl,kcl,kcl,sh,n,bcl,kcl,pcl,pcl,kcl,s,dh
k,ch,hh,dcl,k,ch,tcl,pcl,d,ch,s,pau
l,iy,r,l,eh,eh,ax,iy,gcl,ae,axr,iy
ao,d,d,d,w,z,r,l,s,axr,tcl,t
ng,z,kcl,z,pau,n,gcl,dcl,z,en,z,el
hh,pcl,t,pcl,s,pcl,en,epi,tcl,en,d,tcl
aa,aa,d,r,uw,ae,ao,l,aa,aa,axr,axr
tcl,kcl,kcl,s,tcl,dcl,s,tcl,kcl,n,el,pau
sh,k,s,k,k,z,jh,z,epi,pau,en,tcl
aw,eh,f,dh,p,d,r,s,eh,k,uw,ux
axr,tcl,dcl,s,g,axr,d,tcl,axr,tcl,tcl,z
s,tcl,z,tcl,tcl,axr,s,d,epi,pau,z,tcl
dh,ax,n,ix,ax,s,pau,en,ax,t,ax,s
ax,kcl,n,dcl,kcl,pcl,f,gcl,sh,kcl,z,bcl
s,gcl,gcl,jh,t,gcl,s,ch,tcl,s,pcl,f
ey,ih,aa,iy,m,ix,r,ih,r,axr,aa,ih
m,n,t,s,n,sh,hh,dcl,tcl,n,ix,en
sh,s,pcl,tcl,s,f,v,s,pcl,s,dcl,w
eh,p,iy,er,d,eh,k,b,iy,p,aw,p
l,r,l,r,ah,r,n,b,aa,q,er,ih
dx,l,ay,m,ax,ah,l,w,l,iy,er,dx
axr,l,m,ah,ih,l,dh,iy,ix,l,d,ix
kcl,z,s,gcl,kcl,z,sh,z,kcl,dcl,z,ix
k,jh,k,g,en,s,jh,jh,z,jh,f,dh
uh,n,z,ax,m,hv,s,n,n,n,dcl,kcl
dcl,z,z,dcl,jh,epi,tcl,z,dcl,s,sh,s
b,ix,dh,hv,ix,ix,iy,ix,axr,n,ix,ax
iy,ax,ix,ax,ax,axr,ax,iy,ax,ax,dx,ax
bcl,s,gcl,s,tcl,q,k,tcl,bcl,s,gcl,v
b,q,ao,k,m,g,p,q,t,q,s,dh
ix,ao,q,ao,ix,ay,ao,ay,ao,axr,eh,ao
l,ay,l,axr,ay,eh,n,aa,ay,ay,er,m
ix,ix,dh,ix,dh,ih,n,w,ix,ix,ix,ih
n,ng,kcl,bcl,ng,ng,tcl,pcl,sh,s,ax,nx
tcl,ch,hv,t,k,th,pcl,ch,p,ch,ch,f
t,epi,epi,q,kcl,epi,tcl,k,ch,g,p,aa
uw,axr,axr,iy,l,eh,er,eh,ih,w,jh,axr
ix,eh,dx,r,eh,m,tcl,ao,iy,ix,aw,d
n,z,ix,z,gcl,dx,l,s,iy,z,ao,hh
ix,ix,t,eh,ix,axr,k,ix,er,ix,ix,ix
m,kcl,q,kcl,kcl,kcl,kcl,sh,pcl,kcl,n,dcl
bcl,pcl,epi,tcl,t,k,kcl,pcl,q,hh,th,f
b,ao,eh,d,ow,r,r,w,ae,ao,g,ao
ey,eh,dh,l,er,d,ay,eh,eh,ow,eh,ow
ng,z,gcl,tcl,m,bcl,z,n,s,tcl,z,z
kcl,z,z,n,sh,gcl,s,k,z,tcl,z,s
m,k,pcl,eh,oy,n,g,dh,pcl,p,k,k
ax,ae,eh,iy,dh,oy,m,ng,ae,kcl,axr,ae
nx,r,ao,r,iy,eh,er,r,g,s,s,z
ao,r,nx,r,er,hh,w,s,ix,l,r,axr
bcl,s,z,n,z,sh,s,tcl,f,s,dcl,ch
b,z,z,tcl,dh,z,dh,t,p,k,oy,g
ax,eh,ax,oy,eh,t,w,l,axr,ae,r,iy
l,aa,ax,l,ux,aa,ao,w,er,aa,aw,iy
ow,l,ix,er,l,l,iy,aa,r,ae,ux,dx
gcl,kcl,n,v,gcl,dcl,m,q,kcl,kcl,y,sh
g,z,epi,z,k,bcl,z,p,jh,dcl,dcl,ch
r,axr,w,r,y,eh,axr,dh,m,ey,dcl,axr
aw,l,l,aa,l,ih,iy,r,iy,ax,ux,ow
n,tcl,pcl,s,k,dcl,tcl,f,v,d,gcl,tcl
dcl,tcl,p,dcl,dcl,pau,tcl,z,k,d,tcl,en
l,axr,axr,r,er,axr,axr,en,t,d,axr,dcl
eh,eh,eh,axr,ix,gcl,r,l,ax,eh,ih,er
v,z,r,n,el,ae,eh,gcl,m,g,z,z
el,tcl,tcl,n,s,axr,pau,g,tcl,kcl,tcl,dcl
k,axr,er,tcl,dh,q,kcl,ao,axr,r,axr,hh
eh,ax,ax,ax,ix,ih,n,ix,iy,eh,ax,iy
m,tcl,gcl,gcl,n,z,sh,tcl,kcl,tcl,kcl,s
pcl,pcl,z,s,f,ch,ch,gcl,pcl,pau,pcl,g
p,p,p,p,g,dcl,s,tcl,k,s,p,ch
ux,l,l,l,eh,w,ey,ux,n,ix,z,en
dx,n,n,n,w,iy,r,l,gcl,n,p,sh
ih,iy,ix,ih,iy,ux,er,iy,g,m,w,axr
z,f,kcl,k,n,p,f,v,ch,s,hv,f
ah,g,pau,ey,l,k,g,ix,ih,ay,ao,dh
bcl,s,pcl,tcl,bcl,dcl,s,pcl,s,kcl,kcl,s
b,k,ih,d,iy,k,p,kcl,k,uw,k,ch
ih,l,b,ux,k,d,p,uw,l,z,tcl,m
iy,axr,ae,iy,er,ix,axr,l,axr,ix,iy,axr
ng,tcl,ng,tcl,ch,n,tcl,s,axr,tcl,en,epi
y,tcl,epi,tcl,z,en,en,tcl,t,d,z,axr
ux,z,ih,d,k,r,z,m,tcl,z,b,k
z,z,g,gcl,z,s,z,s,z,jh,z,pau
tcl,s,z,t,pau,d,s,epi,z,en,s,s
t,s,d,s,pau,t,en,tcl,epi,en,s,z
pau,tcl,t,d,en,tcl,s,tcl,z,tcl,epi,en
t,k,hh,k,p,k,q,tcl,ix,axr,w,iy
ix,ix,ix,iy,ix,ix,ix,ax,ix,axr,ih,ix
k,kcl,pcl,f,pcl,kcl,ch,kcl,s,kcl,ch,bcl
iy,iy,ao,iy,iy,m,r,g,eh,ih,l,ey
pcl,kcl,n,tcl,pcl,s,dcl,f,s,kcl,kcl,ix
b,axr,r,eh,l,b,axr,ix,axr,axr,axr,l
r,l,b,uh,axr,eh,l,el,w,l,l,l
ae,eh,t,eh,ae,dh,w,m,ao,eh,ao,r
n,kcl,pcl,gcl,kcl,kcl,pcl,kcl,f,kcl,tcl,ch
ch,tcl,k,s,th,f,tcl,kcl,s,tcl,pau,hh
ih,t,axr,t,t,q,r,ih,ao,l,ah,eh
m,z,m,z,w,n,er,dcl,ae,epi,ax,z
ix,ax,dh,ax,dh,w,ih,ix,ax,ix,ax,eh
tcl,kcl,gcl,th,tcl,s,v,pcl,q,kcl,bcl,kcl
t,k,epi,k,dcl,g,q,pcl,b,jh,epi,k
ao,axr,ih,axr,eh,ay,ix,t,q,w,axr,ao
r,ix,dh,ix,ih,m,ix,ix,n,ix,eh,el
iy,pcl,ix,ax,kcl,ax,pcl,ix,bcl,d,pcl,n
z,z,z,z,z,jh,tcl,gcl,s,hh,z,s
eh,t,ax,t,q,q,l,dh,axr,t,w,r
q,tcl,kcl,k,hh,pcl,s,f,tcl,bcl,tcl,n
m,k,k,z,en,q,dcl,k,dcl,tcl,dh,epi
ao,axr,ay,axr,q,eh,axr,axr,axr,eh,ae,axr
r,s,aa,kcl,s,nx,ay,k,pcl,ao,q,s
w,ix,ax-h,k,ix,f,ix,p,axr,n,r,ix
er,m,m,l,m,epi,ax,dcl,w,ae,ao,z
kcl,z,tcl,s,gcl,z,kcl,z,z,z,kcl,s
k,s,s,s,k,sh,ch,s,z,k,k,s
ax-h,pcl,bcl,f,ch,pcl,tcl,th,ch,n,pcl,m
bcl,f,ax-h,ch,f,tcl,gcl,d,dcl,f,s,hv
b,el,el,en,r,el,axr,en,t,ch,l,q
el,axr,b,axr,t,r,axr,eh,ah,axr,r,iy
l,n,dh,dcl,eh,q,n,ix,pcl,t,m,n
eh,ao,r,ae,ao,ax,l,d,dh,ao,ix,eh
v,ax,v,ax,dcl,kcl,bcl,m,m,q,ax,n
el,axr,g,axr,axr,r,ng,q,l,r,t,en
s,z,z,s,z,z,dcl,z,tcl,dcl,s,tcl
m,tcl,p,z,axr,tcl,tcl,t,epi,d,dcl,en
aa,n,ae,ax,n,eh,z,n,m,r,tcl,axr
m,axr,axr,r,l,tcl,tcl,axr,n,dcl,ix,g
s,s,s,z,s,pcl,pcl,sh,ch,tcl,tcl,s
tcl,p,tcl,hh,p,dcl,t,n,tcl,epi,t,p
t,axr,r,uw,er,r,axr,axr,axr,t,p,ix
r,eh,el,ax,uw,dh,eh,l,t,eh,uw,uh
ao,kcl,uw,p,l,eh,el,kcl,z,n,m,s
ng,tcl,w,tcl,t,n,ch,s,z,tcl,s,d
l,t,ix,ch,ao,t,d,t,axr,l,en,axr
iy,kcl,r,sh,dcl,m,kcl,er,w,iy,axr,n
dcl,tcl,tcl,k,jh,dcl,s,epi,z,dcl,tcl,kcl
d,ix,iy,ix,dh,ch,hv,axr,ix,axr,ix,p
ix,ix,ih,ix,ix,ix,ax,aw,ax,ix,n,axr
s,s,kcl,t,s,tcl,s,sh,pcl,tcl,z,gcl
epi,p,dcl,jh,k,m,epi,l,t,p,axr,d
l,l,d,aw,eh,jh,dcl,r,epi,t,w,l
ay,axr,ih,iy,ae,er,axr,eh,n,axr,axr,axr
kcl,tcl,dcl,tcl,tcl,kcl,z,tcl,pau,epi,dcl,s
k,s,s,tcl,ng,tcl,s,t,tcl,pcl,k,s
s,pcl,kcl,pcl,th,s,pau,pcl,k,s,p,sh
q,k,k,p,q,tcl,hv,p,k,g,pau,ch
ae,ix,ix,r,er,eh,eh,ih,nx,ix,ih,l
pcl,n,n,z,ae,epi,dcl,f,n,kcl,tcl,ao
p,axr,ch,hv,ix,l,w,axr,q,en,t,axr
ix,ix,ih,axr,ax,ax,ih,d,eh,ix,ix,nx
tcl,dcl,t,th,f,dcl,bcl,dcl,kcl,bcl,sh,th
t,th,tcl,dcl,th,tcl,d,f,f,th,k,ng
ay,axr,ah,ae,b,axr,ow,hv,el,eh,axr,bcl
z,z,f,z,z,gcl,z,s,z,n,tcl,tcl
axr,axr,el,axr,b,g,r,axr,bcl,z,en,tcl
z,s,z,tcl,s,tcl,z,s,s,dcl,n,dcl
sh,s,tcl,s,s,ix,s,ax,sh,z,k,jh
ih,er,n,ix,w,ux,uw,eh,iy,er,er,ix
v,z,iy,tcl,epi,ch,f,n,f,tcl,z,z
axr,tcl,l,z,epi,ih,jh,tcl,t,tcl,ao,axr
ih,axr,axr,hv,iy,m,axr,eh,t,axr,z,ix
ng,s,s,tcl,dcl,z,d,s,epi,k,tcl,en
hv,ch,ch,ch,pau,ch,z,tcl,dcl,s,epi,k
ix,axr,en,ux,ix,axr,axr,tcl,iy,ix,axr,axr
pcl,tcl,pcl,ch,bcl,kcl,tcl,pcl,tcl,s,bcl,tcl
p,ch,f,ch,z,t,ch,tcl,s,epi,en,k
uh,axr,axr,l,eh,ix,el,axr,l,t,axr,m
q,tcl,s,n,kcl,tcl,s,r,f,tcl,s,tcl
aa,q,r,q,ax,ah,w,ay,q,t,tcl,s
n,z,z,k,z,sh,tcl,tcl,tcl,dcl,hv,z
hv,axr,axr,t,axr,en,ix,t,iy,d,axr,pau
ih,axr,ix,axr,axr,axr,iy,axr,n,m,t,m
z,dcl,s,s,z,dcl,z,n,gcl,dcl,z,dcl
kcl,s,s,th,pcl,k,k,f,z,s,s,ch
k,ch,k,t,hv,g,f,pcl,ch,tcl,epi,ch
l,iy,er,iy,ao,axr,uw,eh,ih,axr,ow,iy
ow,ih,ih,er,iy,ih,l,axr,m,ih,z,axr
z,z,z,s,tcl,z,dcl,d,s,dcl,en,z
hh,g,tcl,p,jh,t,g,z,v,s,g,sh
ey,axr,ae,eh,ey,uw,axr,n,ux,ey,r,axr
eh,ix,ix,dh,q,ix,axr,axr,ix,ay,ax,er
n,pcl,pcl,bcl,ix,ch,pcl,kcl,s,pcl,f,pcl
dcl,gcl,k,hh,gcl,gcl,v,pcl,kcl,k,f,ch
p,g,g,p,g,dh,w,eh,t,g,f,axr
ae,aa,uw,aa,eh,d,r,aa,dh,aa,eh,eh
sh,z,s,bcl,kcl,s,z,z,dcl,z,z,s
axr,epi,n,axr,l,z,iy,pcl,epi,epi,tcl,tcl
aa,axr,axr,ih,ao,eh,l,ae,axr,r,ay,m
r,m,m,r,m,n,axr,n,tcl,z,en,tcl
dh,tcl,k,s,kcl,ch,z,tcl,tcl,gcl,f,pcl
iy,en,en,z,tcl,tcl,epi,axr,iy,hh,dcl,en
ah,r,eh,eh,gcl,ow,z,m,r,ae,r,ix
dh,axr,er,l,el,hh,s,axr,n,s,axr,z
axr,axr,iy,q,dx,ao,g,k,axr,ix,axr,t
tcl,s,n,s,s,s,n,n,pau,s,tcl,tcl
ch,ch,ch,sh,s,ch,y,ch,g,pau,kcl,ch
iy,axr,ix,axr,axr,r,axr,axr,ih,iy,k,t
s,z,pau,dcl,s,z,en,s,d,tcl,tcl,z
ao,axr,ax,axr,ix,l,axr,g,axr,r,r,axr
r,ix,ih,iy,ih,ix,ix,ix,ix,axr,dh,ax
s,s,z,s,gcl,sh,s,s,s,tcl,s,z
ax-h,tcl,z,l,tcl,sh,sh,z,tcl,epi,en,tcl
z,sh,epi,dcl,tcl,n,s,m,s,hv,sh,sh
ax,ix,l,ix,ih,ih,w,ax,ix,axr,ix,ix
v,s,q,s,pcl,tcl,pau,pcl,ch,th,s,gcl
l,axr,dh,eh,m,w,r,p,p,axr,l,axr
ay,l,l,eh,r,aa,l,m,n,iy,g,axr
v,n,tcl,v,ng,kcl,f,n,m,ix,n,pau
s,s,k,s,kcl,tcl,z,pcl,th,s,k,s
tcl,p,dcl,p,p,q,hh,ch,p,p,f,f
t,p,p,p,jh,ch,dcl,tcl,en,s,z,t
ao,axr,iy,eh,l,axr,t,axr,ix,axr,eh,hv
kcl,n,n,s,z,dcl,pau,pau,tcl,n,n,z
k,s,s,ng,z,tcl,k,th,k,s,epi,s
f,ch,hv,t,ch,pcl,ch,ch,g,tcl,s,t
iy,axr,axr,ix,axr,axr,axr,hv,r,t,axr,z
dcl,dcl,dcl,tcl,s,z,s,tcl,dcl,pau,d,d
d,d,d,t,z,en,epi,s,tcl,en,pau,d
sh,tcl,k,tcl,epi,s,z,tcl,k,tcl,jh,z
iy,axr,tcl,z,axr,n,axr,en,axr,n,tcl,epi
hv,tcl,dcl,z,gcl,pcl,jh,pau,tcl,tcl,epi,tcl
eh,d,aa,r,ix,d,eh,ao,d,w,tcl,iy
dcl,s,kcl,kcl,s,gcl,dcl,f,tcl,kcl,s,s
y,kcl,t,d,k,k,b,f,s,ch,kcl,kcl
uh,w,ax,ah,ay,w,aa,ao,iy,ay,w,ae
r,ax,er,ax,ng,nx,n,uh,ix,y,ax,r
dcl,dcl,dcl,dcl,gcl,k,v,hh,kcl,kcl,gcl,th
d,r,aa,r,b,r,t,l,ix,eh,eh,d
aa,eh,d,r,ao,b,l,t,eh,ae,ux,eh
r,ix,l,ix,n,ae,er,ao,ax,w,iy,ih
kcl,dcl,kcl,s,kcl,s,dcl,dcl,n,tcl,z,gcl
k,k,s,s,k,tcl,en,jh,k,z,k,d
s,k,s,k,k,sh,tcl,sh,k,s,z,k
ux,q,eh,w,b,r,uw,t,l,q,ix,v
tcl,th,tcl,th,ch,s,kcl,tcl,n,th,q,pcl
q,en,tcl,q,b,aa,k,t,en,en,tcl,z
eh,w,ix,w,ay,axr,l,ih,axr,ch,r,w
n,pau,pau,g,pau,z,n,pau,t,en,d,s
gcl,ch,gcl,ch,ch,ch,k,ch,ch,hh,g,hv
g,z,g,r,ch,t,pcl,z,p,epi,en,tcl
r,axr,g,axr,axr,t,ix,axr,z,r,axr,r
iy,n,n,z,dcl,s,n,dcl,m,pau,n,pau
z,z,sh,ch,z,z,dcl,z,s,ch,s,tcl
iy,z,m,z,sh,d,t,tcl,bcl,axr,z,en
w,tcl,w,kcl,k,tcl,tcl,epi,tcl,z,ey,pcl
ao,ae,ae,eh,ey,l,r,gcl,b,q,ae,z
sh,tcl,dcl,tcl,tcl,s,tcl,kcl,n,z,tcl,s
epi,k,w,k,k,gcl,s,q,d,kcl,dh,dcl
w,k,epi,q,k,r,gcl,g,p,k,epi,dh
ao,r,axr,gcl,m,n,z,r,w,axr,tcl,r
dx,tcl,r,z,iy,en,tcl,axr,tcl,tcl,tcl,n
er,n,r,ax,gcl,n,z,axr,hv,tcl,s,n
q,s,s,s,pcl,k,hv,tcl,ch,k,s,z
ao,l,ay,ih,q,ix,eh,ao,aa,g,l,l
l,iy,m,r,ix,ih,iy,dx,axr,w,n,ax
y,bcl,iy,bcl,z,gcl,s,ih,bcl,ng,th,kcl
ih,tcl,z,ch,tcl,pcl,tcl,epi,ch,s,en,tcl
axr,axr,iy,gcl,n,axr,axr,ix,axr,ng,axr,ih
b,b,aa,b,axr,r,ow,eh,el,b,r,axr
aa,r,b,r,ow,b,r,ae,r,axr,eh,m
r,n,r,iy,z,ix,n,l,n,n,axr,n
bcl,dcl,z,z,z,dcl,s,dcl,z,s,dcl,dcl
z,z,pcl,th,tcl,epi,z,z,d,en,tcl,k
gcl,en,g,tcl,epi,bcl,z,ch,z,en,en,tcl
g,tcl,gcl,axr,bcl,b,z,tcl,epi,t,en,tcl
ow,axr,el,axr,b,axr,axr,z,r,t,eh,tcl
l,axr,ix,axr,en,tcl,axr,n,ix,n,iy,iy
dcl,z,f,z,pcl,pcl,tcl,z,f,z,tcl,th
b,r,b,r,aa,ow,eh,r,axr,el,b,p
r,r,aa,b,b,ow,ae,r,r,eh,w,r
ey,axr,er,r,eh,iy,m,axr,l,axr,axr,hh
s,z,z,s,tcl,s,s,z,z,z,dcl,s
l,axr,ix,axr,en,axr,m,gcl,axr,z,t,en
ax,s,n,z,m,s,tcl,l,gcl,n,tcl,s
tcl,tcl,z,tcl,tcl,s,z,axr,s,dcl,tcl,z
w,axr,en,axr,t,axr,axr,en,tcl,z,d,m
ax,n,z,tcl,en,n,d,tcl,gcl,n,m,d
z,dcl,z,tcl,dcl,dcl,s,pau,axr,dcl,t,en
ax,axr,ix,axr,en,axr,tcl,axr,ix,d,epi,en
gcl,tcl,dcl,jh,ix,z,ch,pcl,tcl,tcl,tcl,s
g,pcl,ix,k,s,n,p,pcl,w,dcl,epi,pcl
r,ux,w,ey,r,ux,z,m,t,p,axr,tcl
ae,iy,ey,ae,eh,r,n,ix,ay,axr,gcl,iy
dcl,s,sh,g,tcl,s,s,s,z,z,dcl,tcl
jh,z,tcl,tcl,z,epi,d,z,dcl,k,z,axr
ix,z,g,gcl,pcl,z,epi,tcl,pcl,z,en,tcl
w,tcl,r,z,p,n,tcl,p,tcl,epi,tcl,n
ey,axr,axr,z,r,m,axr,r,t,axr,ix,axr
sh,s,z,s,s,tcl,tcl,s,s,n,tcl,z
en,d,en,en,tcl,d,t,z,t,pau,d,axr
pcl,z,tcl,epi,tcl,z,z,tcl,en,s,z,d
p,tcl,z,epi,t,tcl,s,r,en,d,tcl,en
r,axr,t,axr,z,axr,axr,d,axr,en,p,epi
eh,axr,axr,m,r,z,ix,t,g,axr,tcl,iy
z,s,tcl,s,dcl,tcl,z,z,s,s,dcl,tcl
en,tcl,d,t,t,en,epi,tcl,s,d,pau,tcl
tcl,d,d,en,tcl,epi,z,pau,en,z,t,d
dh,ch,eh,t,oy,iy,b,ae,ch,ch,m,t
ih,axr,uw,ih,ey,r,r,axr,axr,axr,ix,ix
s,dcl,s,epi,n,axr,s,dcl,z,dcl,dcl,dcl
th,s,kcl,pcl,f,tcl,pau,z,pcl,s,s,k
ih,ao,eh,ay,w,ao,ix,axr,axr,iy,ao,q
r,n,ae,m,n,n,z,ow,tcl,axr,m,n
iy,m,m,axr,z,n,iy,tcl,m,t,d,s
ix,ih,m,iy,n,ih,ih,r,r,m,ix,ix
v,dcl,m,dcl,n,n,kcl,dcl,s,n,dcl,tcl
ih,axr,ch,axr,iy,dh,ix,d,iy,axr,hv,axr
n,n,n,ix,tcl,pau,gcl,s,m,dcl,n,pcl
tcl,sh,sh,ch,n,z,m,d,s,tcl,l,sh
ch,ch,t,ch,tcl,ch,t,hv,iy,ch,d,z
ax,axr,r,ao,axr,iy,axr,l,axr,iy,epi,t
l,eh,ax,r,ay,ux,eh,tcl,iy,l,aw,n
iy,l,l,r,ux,l,iy,w,r,nx,iy,ih
pcl,n,z,v,dcl,n,ng,n,n,n,s,dcl
p,f,t,ch,t,pcl,f,p,f,dcl,hv,pcl
r,axr,axr,iy,d,ax,ey,eh,axr,y,w,aw
ux,t,ix,dx,ow,ey,n,r,l,m,t,ax
v,dcl,dcl,ix,dcl,l,ao,n,n,tcl,pcl,iy
dcl,en,tcl,t,en,z,t,epi,s,jh,en,en
t,axr,t,axr,axr,s,k,d,t,en,axr,en
ax-h,tcl,dcl,m,z,tcl,s,n,n,tcl,tcl,z
q,tcl,hv,epi,tcl,en,en,tcl,t,d,k,pcl
ix,d,d,eh,l,z,t,s,aw,tcl,d,axr
nx,r,iy,r,iy,axr,r,l,m,axr,r,n
ix,d,iy,m,d,dcl,tcl,en,axr,d,n,d
gcl,m,m,ng,dh,ao,s,kcl,m,pcl,n,f
g,s,z,dh,s,kcl,f,ng,s,iy,hv,z
z,iy,g,dh,iy,hv,w,kcl,iy,s,d,k
ae,m,ae,eh,er,ae,iy,w,m,m,ng,axr
kcl,kcl,f,kcl,pcl,s,tcl,ix,n,z,dcl,kcl
t,axr,ix,axr,p,axr,ix,axr,axr,r,t,en
aa,er,el,r,ih,eh,er,er,ax,r,ey,ao
r,axr,ix,ix,axr,axr,dcl,er,axr,ih,ax,iy
dx,n,ao,ax,l,ix,dcl,s,n,ix,n,n
ix,kcl,ax-h,z,iy,kcl,kcl,m,ax,pcl,ao,n
f,tcl,z,v,k,tcl,f,n,ch,s,gcl,tcl
ih,ix,ih,eh,ax,w,ix,axr,uh,dh,ix,ix
sh,n,k,epi,z,n,s,f,tcl,gcl,ch,n
ax,axr,ow,axr,iy,ey,r,axr,l,eh,ih,w
l,n,ux,n,dcl,r,n,ow,m,axr,ax,n
ix,axr,n,iy,r,axr,er,dcl,m,axr,ih,ax
n,iy,m,iy,n,r,axr,dcl,en,iy,tcl,n
tcl,ch,pcl,ch,n,k,tcl,ch,tcl,s,s,z
t,tcl,z,t,tcl,dcl,en,d,jh,epi,t,tcl
eh,axr,axr,eh,axr,ah,axr,ae,r,el,axr,ae
l,z,s,z,hv,n,z,m,tcl,axr,r,m
ix,d,ix,p,en,axr,axr,t,d,en,z,d
dcl,z,s,s,z,n,tcl,z,tcl,sh,z,dcl
jh,s,z,sh,s,s,jh,dcl,z,dcl,s,tcl
ix,en,en,ux,ix,axr,axr,en,en,en,axr,t
n,n,tcl,kcl,n,sh,n,sh,s,s,ax,pcl
s,ch,g,ch,ch,hv,ch,k,ch,z,ch,jh
ih,ix,iy,iy,ix,r,axr,ix,ix,axr,n,n
z,tcl,tcl,n,tcl,tcl,dcl,n,s,z,sh,z
f,ch,t,k,f,ch,d,ch,pau,hh,z,ch
axr,axr,ae,eh,axr,axr,axr,r,b,er,en,axr
r,n,z,ae,r,n,ux,n,n,n,z,hv
iy,n,tcl,n,m,tcl,z,tcl,n,n,l,ax
l,n,gcl,n,axr,iy,n,m,s,tcl,n,z
s,s,s,s,s,s,tcl,t,sh,z,pau,d
ax-h,th,gcl,ix,th,pcl,g,z,th,pcl,d,dcl
pcl,d,g,ax-h,gcl,th,d,s,f,bcl,hh,ix
p,axr,ow,ow,el,ae,r,axr,axr,b,axr,ux
ow,ow,p,ae,ow,ih,ux,w,axr,ow,ey,ix
zh,dcl,dcl,sh,sh,hh,iy,n,z,s,dcl,s
ux,ix,d,iy,ux,en,dh,iy,ix,ix,ix,ix
tcl,pcl,sh,pcl,f,pcl,v,w,s,pcl,s,pcl
t,ch,k,ch,kcl,tcl,tcl,ch,t,m,p,ch
eh,r,ao,el,t,r,m,uh,iy,ux,ix,r
l,ih,dcl,dx,r,ih,w,hv,m,ae,ih,n
m,epi,ay,m,ah,ih,w,epi,epi,y,g,s
iy,iy,ao,iy,l,y,bcl,n,iy,dh,z,r
dh,z,gcl,z,z,z,s,dx,ng,k,s,tcl
ax,ih,w,axr,m,ix,r,t,ih,ih,axr,z
r,dcl,m,dcl,ax,dcl,z,axr,s,l,g,axr
ih,n,r,ix,k,n,n,r,n,tcl,tcl,z
l,n,er,tcl,r,n,axr,hv,l,iy,z,t
r,z,m,gcl,z,gcl,z,z,n,z,n,tcl
iy,tcl,ux,axr,axr,tcl,r,en,z,z,en,tcl
z,s,s,z,s,s,sh,z,s,tcl,s,s
en,en,axr,t,d,en,axr,en,axr,s,t,en
hh,s,s,tcl,dcl,pau,t,s,d,en,t,s
iy,en,ux,ix,en,axr,en,d,axr,en,en,tcl
dcl,z,z,z,tcl,s,z,tcl,z,s,tcl,s
d,pcl,k,d,f,t,k,pcl,s,f,tcl,pcl
r,en,l,z,t,epi,eh,en,axr,tcl,tcl,en
ao,axr,ae,v,axr,axr,el,b,axr,eh,z,axr
l,t,axr,t,axr,n,pau,t,tcl,dcl,s,d
dcl,tcl,s,s,tcl,n,tcl,n,dcl,s,n,tcl
sh,ch,ch,ch,ch,ch,y,pau,jh,z,s,epi
iy,pcl,w,pcl,hh,hh,pcl,v,s,pcl,z,n
hv,p,p,d,m,epi,t,ow,p,g,eh,ao
ae,r,r,aa,axr,ix,aa,uw,dh,ow,r,er
dcl,s,tcl,jh,dcl,s,k,s,f,hv,n,sh
d,ix,y,ix,ow,w,g,ih,q,r,ix,d
y,d,d,r,d,ey,ix,ih,ix,ah,axr,ng
er,ih,r,ng,n,pcl,ax,y,ey,ih,iy,ix
dcl,dcl,dcl,hh,gcl,dcl,tcl,pcl,tcl,s,dcl,pau
d,aa,aa,d,r,q,aa,r,ae,p,eh,ax
aa,d,d,d,aa,uw,ax,eh,ae,r,ax,q
r,ix,r,n,ax,iy,ix,ih,ix,m,gcl,s
kcl,kcl,kcl,kcl,s,jh,dcl,pau,n,z,z,jh
k,s,s,sh,s,k,z,tcl,k,sh,z,s
s,ch,gcl,ch,z,t,dcl,sh,ch,f,ch,jh
ux,axr,b,l,g,r,iy,bcl,axr,axr,axr,r
tcl,z,gcl,iy,dcl,k,s,n,tcl,s,z,z
ix,axr,axr,axr,axr,t,t,s,en,eh,ix,en
ng,en,n,s,tcl,axr,en,tcl,en,n,g,axr
gcl,ch,gcl,gcl,f,n,s,ch,ch,s,hh,ch
g,g,g,pcl,g,r,ch,ch,y,g,t,axr
r,axr,r,axr,uw,axr,axr,axr,ix,iy,ix,r
iy,iy,iy,iy,k,ix,r,iy,ih,er,iy,n
s,s,s,f,z,gcl,gcl,s,sh,s,pau,ch
iy,ax,b,k,d,er,kcl,p,uw,ih,axr,ax
w,k,k,d,ux,w,p,k,ih,tcl,pcl,epi
aa,w,ay,w,ax,ah,ao,m,ix,ay,aa,w
sh,tcl,tcl,tcl,s,ng,s,tcl,tcl,pcl,s,kcl
epi,q,q,dcl,s,pcl,p,t,q,k,kcl,tcl
w,axr,eh,ih,z,t,axr,ix,tcl,en,axr,ch
ao,ax,m,er,z,ae,ax,t,tcl,epi,en,axr
dx,s,n,z,axr,axr,pau,s,ao,t,tcl,s
axr,axr,axr,hv,ix,axr,axr,m,t,axr,en,ix
q,tcl,pcl,v,tcl,s,kcl,z,epi,s,tcl,z
ao,s,z,r,t,p,s,epi,d,tcl,en,s
l,r,m,r,r,ax,z,aa,tcl,axr,ih,en
y,tcl,y,n,n,pcl,s,z,tcl,tcl,tcl,z
ih,axr,ih,l,m,axr,gcl,axr,n,axr,z,ix
axr,axr,dcl,g,d,axr,pau,axr,tcl,ax,n,en
q,axr,p,dh,ey,ix,axr,k,t,ax,axr,ix
iy,ax,ey,ix,gcl,ax,ae,ax,z,tcl,n,nx
v,tcl,pcl,axr,kcl,d,t,tcl,epi,q,en,tcl
ih,gcl,ae,ix,w,eh,gcl,l,ay,r,axr,uw
n,s,p,dcl,w,m,g,s,tcl,s,el,dcl
ah,axr,axr,ch,iy,d,ix,ao,axr,d,m,ix
s,s,kcl,pcl,sh,pcl,s,s,ix,tcl,s,pcl
ih,l,ah,l,eh,dh,eh,er,l,ay,uh,ay
m,tcl,ch,s,dcl,z,kcl,tcl,tcl,tcl,s,s
pcl,tcl,t,s,tcl,tcl,dcl,kcl,sh,jh,s,z
p,t,dh,en,t,t,tcl,s,d,axr,k,en
el,t,dh,uh,el,t,ax,tcl,t,en,epi,z
v,tcl,pcl,z,dcl,tcl,tcl,pau,s,sh,n,s
ah,t,ih,l,eh,r,dh,axr,ay,ao,q,t
kcl,tcl,dcl,kcl,dcl,tcl,tcl,sh,kcl,z,tcl,tcl
k,ch,jh,tcl,k,dcl,ch,s,ch,t,z,jh
ae,axr,eh,aw,ix,d,ao,ch,hv,axr,axr,t
bcl,n,bcl,f,n,m,dcl,n,n,n,dcl,s
b,iy,y,b,ay,dh,ih,iy,axr,ow,iy,l
y,iy,b,ay,b,ih,dh,axr,l,iy,iy,ow
ih,b,l,y,dh,iy,m,ay,b,eh,axr,b
l,b,ih,dh,iy,eh,ay,b,y,m,n,ng
eh,l,l,ih,iy,dh,ae,b,ay,ow,n,y
r,iy,iy,ux,ow,eh,l,r,dh,ae,er,n
iy,n,ax,r,n,n,ix,axr,n,dcl,v,dcl
kcl,s,n,s,n,s,s,bcl,z,s,tcl,ch
k,s,t,ch,axr,d,ch,s,t,aw,s,axr
ax,axr,iy,n,axr,axr,ix,axr,n,tcl,m,axr
n,n,tcl,n,n,dcl,z,dcl,s,n,tcl,s
tcl,n,k,s,n,dcl,dh,n,tcl,dcl,d,epi
t,ch,b,ch,s,t,jh,epi,dcl,k,dh,ch
ey,n,ow,aw,d,axr,b,ay,n,eh,iy,n
n,dcl,dcl,dcl,d,pau,dcl,tcl,d,dcl,axr,n
tcl,d,t,s,z,dcl,d,d,d,tcl,tcl,s
t,tcl,tcl,s,z,d,d,tcl,dcl,d,tcl,epi
s,d,t,tcl,z,epi,tcl,tcl,d,d,en,d
ih,axr,ih,axr,axr,w,iy,axr,axr,axr,t,ix
m,z,ng,dcl,tcl,y,dcl,ao,n,z,hv,z
bcl,axr,b,el,axr,g,axr,gcl,tcl,s,z,en
b,axr,el,bcl,axr,axr,ow,g,axr,z,t,en
el,axr,b,axr,bcl,axr,ow,eh,axr,r,axr,z
z,tcl,n,z,s,tcl,tcl,z,dcl,tcl,tcl,s
hh,tcl,eh,z,epi,tcl,t,en,en,tcl,ch,d
er,l,ey,gcl,ae,ax,b,eh,l,ix,l,n
r,l,ix,th,gcl,g,l,l,n,axr,ae,pcl
ay,b,b,aa,b,r,r,ae,aa,axr,ae,el
tcl,s,dcl,ng,n,bcl,s,tcl,s,sh,epi,y
t,ch,d,f,hh,t,ch,f,ch,ch,k,ch
hh,t,f,f,d,k,t,t,d,t,hh,pcl
ae,axr,iy,eh,ux,er,axr,hv,ih,axr,ae,r
n,tcl,tcl,tcl,tcl,pau,pau,tcl,n,s,z,dcl
dcl,axr,d,eh,axr,axr,el,axr,ix,ae,t,b
d,t,dcl,q,t,axr,t,eh,t,axr,ax,w
q,f,d,hh,t,ng,f,n,w,d,f,t
ey,axr,ow,axr,ae,ay,axr,ax-h,axr,r,ah,axr
kcl,s,dcl,kcl,s,kcl,kcl,s,dcl,z,s,gcl
k,s,k,s,s,tcl,sh,jh,k,k,s,s
s,ch,s,sh,tcl,s,z,sh,ch,k,ch,dcl
w,ax,ix,ix,g,ax,ax,l,ax,pcl,n,eh
ax,n,w,w,s,n,p,g,n,f,ax,ax
n,z,ey,tcl,n,z,s,s,p,tcl,z,z
eh,q,ae,r,l,q,eh,axr,q,axr,t,eh
v,dcl,sh,dcl,dcl,n,dcl,dh,el,z,s,pau
axr,ix,ax-h,ix,ix,axr,r,n,ey,z,l,q
dh,z,v,z,f,z,dcl,q,dcl,tcl,pau,jh
ax,ax,l,ax,ix,ax,ax,ix,ax,w,gcl,ae
bcl,n,v,m,tcl,tcl,n,n,s,gcl,ch,kcl
b,ey,eh,ey,d,l,n,eh,ae,ey,er,g
eh,ey,b,ey,ey,d,r,l,er,r,ae,eh
r,axr,eh,n,ae,m,r,ay,axr,axr,l,er
ax,l,er,ih,w,gcl,ax,m,l,n,axr,g
m,tcl,dcl,s,tcl,sh,s,n,bcl,tcl,tcl,n
eh,q,q,q,axr,ay,iy,ix,eh,ax,axr,t
tcl,tcl,tcl,n,s,pau,s,pcl,tcl,kcl,pcl,kcl
t,ch,jh,pcl,ch,sh,s,ch,f,ch,kcl,sh
r,ix,ix,ix,ih,ix,axr,er,ix,w,ix,m
ix,ix,r,axr,ih,ix,iy,ix,ix,iy,ix,l
kcl,n,dcl,s,z,gcl,kcl,dcl,pcl,n,z,n
p,p,p,dcl,w,n,tcl,k,p,ch,r,f
r,er,ae,eh,m,er,l,axr,q,er,ey,eh
eh,ix,ih,eh,ey,ix,er,uh,ay,l,ix,r
sh,dcl,f,f,s,kcl,dcl,dcl,sh,dcl,ax-h,gcl
er,r,r,ah,q,r,l,ih,axr,m,ix,ax
tcl,tcl,pcl,pcl,sh,sh,s,tcl,tcl,s,z,ng
ch,ch,ch,t,ch,ch,ch,jh,f,tcl,pcl,k
ey,axr,ae,l,m,d,axr,n,axr,axr,eh,ix
n,en,ix,z,m,en,pau,tcl,en,tcl,s,z
dcl,s,sh,tcl,z,sh,ch,s,ch,gcl,p,s
jh,ch,sh,ch,ch,s,ch,ch,f,k,t,t
ix,axr,ix,axr,t,axr,axr,uw,axr,r,axr,p
z,s,tcl,t,epi,s,s,d,k,pau,d,s
sh,tcl,n,gcl,dcl,tcl,bcl,m,tcl,k,f,s
iy,iy,ae,er,uw,iy,ix,ix,ax,iy,dh,ax
hv,kcl,ae,kcl,zh,q,m,tcl,s,kcl,th,axr
ae,ao,eh,m,ao,aa,d,b,aa,eh,ae,ao
dcl,kcl,kcl,jh,dcl,q,kcl,kcl,kcl,s,gcl,tcl
jh,k,pau,k,dh,jh,b,k,k,dh,el,p
axr,ax,ax,ax,r,ah,ix,ax,y,dh,dh,ix
dcl,dcl,d,hh,tcl,g,dcl,pcl,f,epi,dcl,kcl
d,ae,aa,r,ae,ay,ow,axr,ae,eh,eh,ae
aa,aa,d,ae,eh,aa,aa,aa,ae,ao,ao,q
kcl,kcl,gcl,kcl,s,kcl,s,dcl,jh,kcl,tcl,kcl
s,t,k,jh,t,k,tcl,t,s,s,pau,en
uw,ih,eh,axr,ih,r,ae,ih,r,axr,ae,ih
tcl,n,n,z,sh,tcl,tcl,n,iy,n,n,z
ih,axr,r,axr,axr,z,d,t,s,tcl,dcl,en
n,n,n,ix,pau,en,n,kcl,n,pau,dcl,dcl
gcl,s,dcl,f,tcl,sh,t,pau,z,s,s,s
g,p,z,t,z,p,b,p,k,p,f,tcl
r,iy,l,ax,iy,ey,iy,ey,axr,iy,axr,ux
iy,ix,uh,ix,ix,ih,n,iy,axr,er,iy,t
s,s,s,ng,epi,t,sh,dcl,s,s,kcl,s
iy,iy,r,iy,iy,axr,w,ix,dh,axr,hh,ih
w,n,n,z,f,n,s,ao,bcl,pcl,gcl,tcl
ao,l,l,ax,aw,ao,l,w,iy,aa,aa,iy
sh,s,s,tcl,s,pau,z,ng,ch,jh,k,k
epi,k,dcl,p,epi,g,k,ch,k,dh,pcl,ch
w,axr,axr,axr,ix,n,l,axr,ng,axr,dh,ao
ao,ae,gcl,ae,z,ae,g,t,m,eh,axr,epi
dx,tcl,axr,ao,g,m,tcl,n,s,z,tcl,tcl
axr,tcl,ao,dx,s,w,tcl,axr,tcl,z,p,dcl
ao,axr,axr,dx,g,s,z,l,m,epi,axr,tcl
l,n,ae,gcl,n,eh,m,axr,tcl,en,z,r
y,gcl,s,tcl,t,gcl,pau,s,sh,z,gcl,k
ih,axr,uw,hv,axr,iy,r,z,z,ix,w,axr
axr,ix,ix,axr,iy,ax,gcl,iy,ix,ih,n,ix
s,z,epi,tcl,pcl,tcl,en,z,z,z,s,d
epi,axr,axr,axr,ix,axr,g,t,r,axr,axr,t
w,eh,eh,l,r,axr,eh,gcl,iy,n,eh,axr
ih,n,nx,axr,n,gcl,n,y,iy,ax,eh,r
ng,tcl,pcl,tcl,tcl,sh,tcl,tcl,s,n,z,z
y,d,z,epi,t,tcl,en,d,tcl,en,d,d
axr,tcl,z,n,tcl,axr,epi,t,en,tcl,m,d
q,hh,iy,b,y,dh,hh,z,kcl,n,ih,ay
aa,eh,ax,m,ey,iy,ow,eh,eh,l,ay,n
r,ax,ax,er,r,ix,ih,axr,eh,m,w,ax
m,n,dcl,s,kcl,n,dcl,tcl,tcl,n,s,n
q,en,axr,en,tcl,t,en,z,dcl,d,t,pau
ix,ix,ux,en,ix,axr,n,iy,axr,en,ix,ix
z,kcl,s,kcl,f,kcl,pcl,kcl,pcl,sh,z,tcl
hh,p,dh,bcl,k,tcl,v,g,ch,p,p,p
ay,b,ay,eh,eh,b,l,iy,axr,oy,b,ih
ix,axr,iy,ix,ax,iy,r,axr,axr,y,axr,r
zh,z,gcl,ux,z,z,z,d,z,hv,dcl,ch
ux,ix,iy,axr,ix,ix,en,axr,ix,en,ix,en
kcl,s,f,s,tcl,dcl,s,z,s,n,n,z
k,ch,ch,ch,epi,f,ch,tcl,jh,t,p,g
ae,axr,eh,axr,axr,axr,axr,l,axr,b,ax,l
n,tcl,tcl,tcl,tcl,s,tcl,z,z,en,s,n
dh,el,l,ey,dh,z,el,t,epi,tcl,en,d
ey,l,dh,w,l,z,tcl,iy,axr,t,epi,ae
w,d,axr,z,n,ey,tcl,g,s,pau,d,d
axr,d,axr,n,tcl,en,gcl,z,d,d,t,d
pcl,tcl,kcl,tcl,sh,axr,tcl,s,k,epi,tcl,z
p,en,t,z,epi,d,en,tcl,ch,tcl,s,en
axr,axr,axr,axr,ix,gcl,axr,tcl,axr,iy,ix,t
s,s,tcl,tcl,n,s,n,axr,tcl,s,s,z
uw,el,p,el,z,tcl,epi,m,t,axr,d,en
ih,axr,n,z,tcl,axr,axr,t,en,ih,d,epi
ng,tcl,dh,y,ae,m,dcl,d,tcl,s,tcl,z
hv,z,tcl,z,tcl,d,dcl,z,en,epi,z,en
eh,tcl,z,tcl,axr,d,n,dcl,axr,tcl,en,z
m,tcl,z,tcl,en,d,t,n,pau,epi,s,tcl
s,z,s,pau,s,z,epi,tcl,en,tcl,d,z
iy,iy,dh,axr,iy,ix,ih,m,eh,iy,iy,ix
m,s,ch,sh,sh,z,s,s,tcl,s,z,s
s,s,kcl,kcl,z,s,ch,s,sh,s,hh,tcl
axr,n,n,ax,dcl,ix,tcl,n,gcl,m,pau,en
s,ch,kcl,gcl,k,ch,d,s,ch,ch,s,z
ih,axr,l,axr,r,axr,b,eh,t,z,p,m
z,s,sh,s,tcl,z,tcl,dcl,dcl,pau,s,s
pau,s,f,gcl,ax-h,tcl,z,k,ch,pau,s,s
ax,ax,ax,l,axr,ax,ix,ae,ax,r,ax,ix
tcl,n,n,n,dcl,v,sh,pcl,z,kcl,m,s
t,t,jh,iy,er,t,k,dcl,epi,m,ao,p
ae,l,eh,w,aw,ao,d,l,ix,l,ow,dx
tcl,dcl,v,s,dcl,dcl,dcl,z,n,s,tcl,kcl
ch,k,tcl,kcl,s,s,s,k,k,k,sh,tcl
z,tcl,f,pcl,tcl,hv,kcl,dcl,n,t,tcl,p
ih,dh,dh,y,ih,uh,ey,w,iy,q,dh,ix
pcl,bcl,bcl,bcl,bcl,dcl,pcl,s,s,pcl,tcl,kcl
p,ch,b,r,l,ch,en,kcl,m,ch,g,en
r,ix,l,b,iy,ix,axr,axr,g,iy,ix,l
ih,iy,iy,dx,ih,iy,er,ix,ix,iy,n,iy
z,z,tcl,sh,z,dcl,z,s,z,jh,z,s
pau,z,z,t,z,tcl,gcl,s,dcl,p,f,gcl
w,axr,axr,b,r,axr,axr,r,iy,axr,t,uw
ix,ae,ih,ih,eh,l,ax,ae,ow,w,m,ae
dh,ix,dcl,v,axr,ix,q,dcl,q,kcl,ix,th
ah,ix,ix,ux,ix,ix,l,dh,ax,iy,ix,en
th,f,ix,kcl,f,gcl,s,sh,f,kcl,f,th
ih,ix,ih,dh,ax,ix,ix,ix,eh,l,nx,ax
m,n,kcl,n,n,s,sh,hv,tcl,tcl,n,z
b,ix,el,ch,ix,w,axr,ix,jh,t,en,t
el,ix,b,w,ix,ch,l,ih,q,ix,axr,axr
n,n,m,gcl,n,iy,s,kcl,bcl,n,z,tcl
iy,axr,iy,axr,axr,w,z,ch,w,ch,m,n
dx,s,m,z,n,dx,s,s,dcl,s,epi,sh
el,z,dcl,dcl,d,n,g,s,z,axr,ix,z
q,er,hh,er,kcl,er,z,s,s,n,n,l
ix,iy,ax,ix,iy,iy,ix,p,axr,d,ix,iy
n,s,v,n,s,dcl,z,z,n,bcl,s,tcl
tcl,pcl,kcl,ch,z,s,th,s,ch,pcl,pcl,gcl
th,ch,k,s,g,dcl,f,f,z,ch,ch,ch
r,ax,ae,ao,axr,axr,ax,eh,l,ax,b,p
eh,l,r,iy,l,ux,axr,z,eh,ih,ae,l
dcl,n,dcl,s,n,s,z,tcl,n,g,sh,sh
ey,l,l,ix,l,ao,ay,er,iy,ax,iy,ih
hv,t,jh,dcl,gcl,tcl,pau,s,z,sh,t,ch
ux,n,r,w,uw,ey,n,z,ux,n,eh,ax
z,z,jh,f,jh,tcl,z,s,en,z,z,dcl
pcl,tcl,sh,f,tcl,v,pcl,s,s,tcl,gcl,pcl
p,t,iy,t,w,r,t,axr,aw,axr,er,b
aw,ax,eh,ae,p,ax,t,r,iy,n,gcl,uw
ax,uh,eh,uh,el,ax,q,q,ix,uh,ix,t
q,tcl,kcl,tcl,ch,kcl,k,pcl,tcl,pcl,tcl,pau
aw,k,d,r,k,l,k,s,dh,p,l,ey
dx,ix,ix,ih,uh,eh,m,axr,aw,axr,ix,d
ix,axr,iy,ih,gcl,z,uh,axr,m,ix,dx,axr
dcl,dcl,dcl,s,dcl,z,dcl,z,dcl,pau,s,s
jh,pau,tcl,s,jh,pau,t,z,z,pau,en,k
pau,ch,pcl,t,s,f,ch,z,z,s,jh,ch
r,iy,w,l,k,iy,p,q,epi,s,dh,axr
eh,z,nx,ao,q,gcl,ae,n,r,l,m,z
r,axr,ix,ay,ao,iy,ae,axr,q,t,axr,ih
l,tcl,tcl,el,tcl,s,tcl,tcl,en,n,n,epi
ix,axr,axr,f,axr,ch,axr,s,ax-h,eh,z,ix
ax,dh,er,dh,w,er,uh,ix,ih,ix,dh,eh
kcl,s,n,pcl,tcl,ng,bcl,s,sh,kcl,s,tcl
k,t,k,t,f,epi,t,hv,g,pcl,pau,ch
er,t,l,dcl,t,axr,uw,p,epi,bcl,z,t
z,d,dcl,tcl,z,s,d,pau,z,tcl,d,en
r,eh,r,l,d,iy,r,t,dcl,z,eh,eh
aw,eh,aa,ao,eh,eh,r,uw,aa,ix,ix,axr
f,tcl,tcl,ch,tcl,ch,s,z,s,pcl,pau,z
kcl,s,ch,hv,s,kcl,pcl,ch,s,ch,s,f
k,axr,k,ix,ix,p,iy,axr,ax,t,axr,dx
ax,ix,iy,ix,ax,ix,en,ix,ux,n,ix,ih
n,tcl,n,tcl,s,pcl,tcl,s,tcl,ix,kcl,s
tcl,gcl,s,pcl,pcl,s,gcl,z,gcl,ch,n,tcl
t,f,f,v,tcl,f,g,w,pcl,dh,k,tcl
r,r,aw,er,aa,axr,m,t,eh,g,r,r
ow,aa,ao,ix,eh,aa,iy,m,aa,eh,iy,ax
dcl,n,tcl,n,iy,s,ih,n,z,dx,s,z
dh,jh,jh,d,iy,jh,ix,ax,p,w,ix,axr
ix,ix,en,ix,ix,ix,pau,tcl,n,ax,s,ix
s,s,s,s,sh,pau,s,f,sh,t,n,tcl
tcl,k,epi,tcl,p,k,kcl,dh,k,t,f,d
t,r,aa,m,r,r,t,dh,ix,b,p,uw
aa,eh,t,eh,dh,r,ix,iy,ao,l,eh,m
pcl,tcl,n,tcl,s,k,f,gcl,pcl,kcl,q,tcl
p,p,r,aa,ao,ae,eh,p,g,epi,q,axr
w,l,aa,ax,ay,ao,l,ix,l,dh,l,eh
aa,eh,er,ih,ay,eh,q,m,ao,iy,axr,eh
tcl,tcl,dcl,kcl,tcl,pau,sh,tcl,s,n,n,ng
ch,k,ch,k,s,z,th,ng,pcl,pau,pcl,k
f,tcl,tcl,z,hv,dcl,k,s,z,tcl,ch,epi
axr,axr,ae,axr,l,ax-h,eh,ix,axr,eh,ay,axr
m,s,n,m,z,dcl,tcl,z,s,g,kcl,s
dh,ix,ix,ix,ix,ax,dh,ux,ix,axr,en,axr
ax,ax,ax,dh,nx,ax,ix,ax,ix,l,ax,ax
bcl,n,pcl,ix,kcl,bcl,kcl,n,sh,n,n,kcl
b,hv,q,hv,g,p,ch,tcl,epi,r,en,k
l,axr,eh,ey,r,axr,ix,ix,axr,ax,axr,axr
iy,ix,iy,ix,ix,n,ih,eh,n,axr,l,ix
tcl,tcl,sh,gcl,m,n,bcl,z,s,tcl,tcl,sh
ch,s,jh,z,epi,s,tcl,t,k,s,en,d
axr,en,en,en,t,d,t,tcl,pau,epi,z,axr
s,d,d,pau,t,tcl,s,d,en,tcl,z,z
hh,er,w,iy,ix,t,er,er,ix,axr,axr,p
iy,ix,ix,en,n,ix,ax,n,ix,w,iy,ix
pcl,tcl,tcl,pcl,z,pcl,w,f,f,tcl,tcl,n
p,p,p,f,ao,tcl,p,hv,b,kcl,f,g
l,eh,ey,iy,l,eh,uh,er,k,ix,ao,ay
ey,iy,iy,d,r,iy,iy,w,ix,ux,q,axr
dcl,kcl,hv,kcl,gcl,s,pcl,q,pcl,gcl,kcl,tcl
b,ae,ae,iy,epi,eh,bcl,p,dh,w,axr,ae
ae,b,b,iy,ae,l,epi,g,axr,eh,w,b
s,s,ch,f,s,sh,s,tcl,s,s,s,s
kcl,k,d,k,s,t,kcl,ch,k,tcl,f,f
k,axr,r,p,f,kcl,el,uw,q,s,axr,axr
ix,k,k,el,r,t,r,k,ih,uw,v,l
bcl,r,aa,r,ah,r,y,ax,ng,iy,m,q
ao,axr,oy,eh,axr,w,l,ax,m,dx,axr,er
l,iy,iy,r,w,ow,n,iy,aa,ix,n,m
dh,dcl,eh,k,axr,n,q,m,jh,dcl,dcl,t
eh,l,l,l,dh,w,dcl,k,m,jh,t,ao
r,l,ix,iy,ih,l,aa,dx,ux,l,r,axr
w,y,dx,ux,ix,r,axr,y,ax,y,n,m
ay,ow,l,ow,iy,axr,eh,axr,m,ow,z,t
l,ax,oy,ax,n,t,axr,l,iy,eh,dx,ax
w,n,n,ax,z,k,tcl,n,dcl,p,tcl,l
er,ih,ix,uh,hv,ax,axr,l,ow,ih,ih,l
kcl,s,k,dcl,hv,s,pau,dcl,s,m,z,s
iy,axr,axr,t,ix,p,q,t,axr,axr,s,axr
ng,tcl,pau,s,pau,n,tcl,ix,dcl,tcl,n,en
tcl,s,ng,k,s,s,t,pcl,tcl,tcl,s,pcl
t,ch,f,t,hv,k,ch,p,pcl,pcl,ch,z
ao,iy,r,ax,iy,bcl,l,dcl,d,p,iy,l
r,ix,dx,ix,iy,ux,ix,ey,kcl,ih,ix,q
dx,ix,r,ix,ux,ih,iy,y,l,ix,dh,q
ax,ix,r,ix,ax,dh,ix,ux,ay,b,ow,l
l,n,r,ih,n,bcl,ax,y,ow,l,n,m
ao,ay,aa,ay,ih,l,m,eh,ax,ae,ay,b
dcl,dcl,axr,dcl,n,dh,dcl,er,hh,n,q,dcl
d,ix,ux,ix,iy,bcl,ix,ix,en,axr,axr,d
ix,ix,ix,iy,ux,ix,ix,en,en,axr,d,axr
gcl,z,tcl,tcl,z,z,z,z,ch,zh,s,tcl
g,ch,ch,ch,s,en,hv,z,ch,k,tcl,tcl
r,axr,axr,ix,axr,axr,axr,t,axr,en,d,t
iy,axr,n,ix,s,axr,axr,m,axr,tcl,m,axr
q,axr,axr,axr,l,ix,ng,r,t,q,axr,p
ix,dcl,n,dcl,gcl,dcl,iy,v,l,tcl,ix,s
tcl,tcl,tcl,tcl,z,sh,g,s,s,s,tcl,n
t,ch,t,d,pcl,f,ch,ch,f,ch,epi,tcl
w,iy,w,ae,z,l,axr,iy,m,t,n,tcl
ay,axr,ae,n,axr,ix,z,eh,z,m,axr,tcl
l,tcl,ey,tcl,dh,pcl,tcl,tcl,z,s,n,z
ay,axr,ih,ah,dh,axr,r,l,ay,uw,axr,s
tcl,s,s,s,z,dcl,tcl,s,kcl,tcl,f,ch
q,axr,ax,z,ae,axr,axr,t,ix,ix,ae,axr
ax,axr,q,ae,ix,z,gcl,axr,m,axr,tcl,t
n,sh,g,sh,m,pau,n,t,s,tcl,z,dcl
ax,t,m,pau,d,axr,t,tcl,s,s,t,n
tcl,tcl,tcl,f,pau,tcl,dcl,pau,z,z,tcl,s
t,pcl,t,en,s,pcl,dh,pcl,ch,ch,t,f
w,eh,w,l,eh,w,l,eh,r,eh,p,m
eh,r,g,r,eh,er,ao,axr,iy,r,l,eh
l,n,n,z,ih,dcl,tcl,n,axr,tcl,n,s
f,dcl,pau,kcl,n,tcl,jh,s,dcl,tcl,z,dcl
th,pcl,z,pcl,k,ch,pcl,epi,pcl,ch,k,tcl
dcl,tcl,p,g,gcl,k,tcl,epi,z,tcl,z,s
d,axr,ey,l,n,ey,axr,axr,eh,axr,r,ix
ey,n,d,l,n,ey,eh,ix,n,n,r,z
pau,s,s,dcl,z,s,jh,sh,dcl,s,tcl,tcl
w,tcl,eh,ix,v,z,uw,d,en,t,tcl,tcl
ax,ix,ix,l,axr,axr,iy,m,z,w,ix,eh
l,n,ax,n,th,m,gcl,z,n,ix,ix,tcl
hv,axr,bcl,b,axr,g,el,gcl,tcl,axr,s,th
ae,axr,ux,axr,axr,el,r,b,z,ow,axr,axr
v,n,z,tcl,dcl,n,n,pau,s,n,n,iy
sh,tcl,pcl,s,z,tcl,s,pau,tcl,tcl,s,d
ah,axr,er,r,q,axr,l,ix,axr,r,l,axr
bcl,dcl,n,s,kcl,pau,dcl,s,tcl,dcl,dcl,dcl
b,axr,l,axr,ix,t,axr,axr,axr,en,z,ix
l,axr,b,ix,axr,axr,t,axr,uw,z,eh,ix
iy,ix,m,g,ix,z,w,s,gcl,ix,tcl,n
dh,ix,w,ix,iy,p,axr,d,ih,ix,iy,ix
ix,ix,ix,ih,ix,ix,iy,n,n,ax,ix,axr
kcl,kcl,pcl,s,s,kcl,dh,kcl,ch,bcl,bcl,tcl
k,f,kcl,d,k,ch,f,k,f,f,d,dh
l,iy,er,ey,iy,ih,l,iy,uh,ih,r,ax
er,iy,iy,ih,l,ix,iy,axr,axr,iy,ay,r
kcl,tcl,tcl,tcl,dcl,z,z,tcl,z,d,n,s
k,s,s,pcl,s,s,jh,z,epi,tcl,ch,ch
s,pcl,k,kcl,f,pcl,epi,z,tcl,jh,s,pcl
q,tcl,t,q,z,t,en,tcl,epi,axr,d,tcl
ay,ay,ay,eh,ix,ih,q,er,ao,ay,axr,z
z,z,gcl,z,z,z,m,n,s,tcl,g,pau
f,pcl,z,pcl,th,pcl,ch,tcl,ch,t,kcl,dcl
l,axr,q,axr,axr,ix,w,eh,ix,axr,axr,r
ih,ix,ix,eh,dh,r,iy,axr,ix,n,ix,er
kcl,tcl,s,tcl,tcl,n,n,dcl,s,n,ax,tcl
k,z,tcl,ch,ch,dcl,s,z,ch,s,z,z
axr,axr,axr,axr,ix,axr,t,tcl,d,en,z,en
dcl,d,d,tcl,tcl,d,s,pau,z,en,en,dcl
d,en,dcl,s,tcl,d,tcl,en,en,epi,pau,t
dh,ix,ax,ix,ix,ux,axr,axr,ix,iy,ix,p
ix,ix,ix,ax,ax,dcl,sh,ix,axr,ix,n,n
kcl,gcl,gcl,dcl,s,pau,jh,gcl,hv,z,n,s
k,k,g,ix,v,dcl,p,jh,k,gcl,dh,epi
r,ey,r,ey,eh,ux,ih,ey,w,d,ih,ey
ae,iy,ae,ey,iy,r,ax,eh,q,iy,aa,l
n,dcl,dcl,s,dcl,pau,gcl,sh,z,t,g,tcl
bcl,z,v,b,z,uw,w,t,tcl,z,en,axr
b,ix,ih,bcl,eh,l,uw,w,ux,v,ix,ax
ih,ux,b,eh,ax,l,uw,w,ux,ix,r,z
r,eh,ix,tcl,eh,eh,ae,n,r,s,ey,z
iy,ax,ax,sh,tcl,r,axr,ax,f,en,l,n
bcl,s,s,k,tcl,kcl,s,s,gcl,dcl,tcl,s
b,r,aa,t,ae,r,l,g,ux,b,axr,r
aa,axr,b,eh,ae,axr,n,r,gcl,pcl,z,axr
gcl,tcl,gcl,ch,m,tcl,s,tcl,ch,ng,kcl,tcl
g,axr,axr,t,en,tcl,t,axr,d,axr,s,jh
ix,axr,p,ix,axr,axr,ix,r,iy,iy,axr,n
tcl,n,z,s,z,n,m,dcl,v,tcl,n,dcl
t,d,en,d,z,pau,f,z,s,d,k,en
s,pcl,sh,t,th,pcl,epi,ch,z,pcl,k,z
v,ch,pcl,f,s,ch,ch,gcl,hh,ch,pcl,ch
er,r,r,t,iy,epi,t,p,uw,iy,axr,r
iy,ix,ih,dx,ih,ix,ix,iy,er,n,l,n
pcl,tcl,tcl,kcl,n,tcl,dcl,tcl,z,s,s,tcl
p,g,g,f,tcl,ch,y,pau,ch,g,epi,p
r,axr,w,axr,tcl,axr,r,axr,t,g,ux,axr
ih,axr,ax,axr,axr,iy,m,ax,axr,ix,z,n
dx,tcl,tcl,sh,n,s,z,s,tcl,tcl,n,dcl
iy,z,z,s,dcl,sh,tcl,z,z,s,bcl,n
ih,tcl,en,d,tcl,tcl,d,en,dcl,s,z,tcl
n,tcl,hh,m,tcl,epi,tcl,en,z,en,pau,tcl
ao,tcl,w,z,t,pcl,d,epi,s,tcl,tcl,g
dx,n,w,m,n,n,tcl,dcl,z,axr,pau,d
ax,d,tcl,d,n,axr,t,g,z,pau,d,s
m,z,n,tcl,pau,en,d,tcl,z,s,z,epi
r,r,r,eh,iy,l,d,eh,t,axr,ao,r
ae,r,d,ao,ey,ax,l,r,q,ow,eh,r
l,ix,ix,r,n,ix,ax,iy,r,ix,l,gcl
f,tcl,tcl,tcl,n,ch,z,pau,sh,f,tcl,f
kcl,s,q,z,hh,s,ch,en,tcl,kcl,s,s
k,axr,axr,ix,iy,ux,axr,axr,ix,k,iy,w
ix,dcl,n,n,f,ix,dcl,ih,axr,dcl,s,tcl
n,kcl,tcl,kcl,sh,f,kcl,pau,dcl,n,s,n
tcl,ch,t,dcl,pau,jh,n,s,ch,ch,pcl,tcl
t,ch,tcl,dcl,jh,ch,d,ch,k,ch,ch,s
r,ux,aa,b,l,ux,ux,bcl,ih,iy,r,n
ow,n,w,nx,l,r,n,r,ax,z,n,ix
l,z,ix,iy,ao,el,n,pau,d,tcl,z,dcl
dh,ix,dx,iy,ix,ih,k,p,ix,dh,q,ix
ax,ih,dh,ih,ix,axr,ix,r,axr,ih,ax,iy
s,s,s,tcl,n,f,kcl,s,pau,t,tcl,s
tcl,tcl,f,v,t,tcl,hh,n,dcl,pcl,tcl,w
t,aa,aa,ao,er,aa,r,ae,r,d,t,eh
aa,r,aw,ao,t,r,aa,ae,r,uw,t,ao
pcl,tcl,pcl,tcl,v,f,kcl,tcl,tcl,dcl,tcl,s
w,p,ao,t,eh,pcl,w,p,uw,dh,tcl,hh
aa,eh,uw,ao,eh,eh,eh,dh,r,r,axr,ix
tcl,s,s,m,tcl,dcl,pau,s,dcl,z,kcl,n
ch,z,ch,d,tcl,dcl,k,epi,s,z,z,z
f,tcl,s,kcl,z,tcl,epi,k,pcl,tcl,p,k
r,r,aa,z,t,p,axr,ae,d,en,r,epi
ax,ao,ah,ay,aa,w,z,axr,ao,ix,r,tcl
m,dcl,ix,l,ax,w,dcl,axr,axr,ix,dx,dcl
ax,axr,ax,nx,n,ix,axr,pau,tcl,en,n,axr
bcl,bcl,bcl,pcl,th,bcl,ix,tcl,s,n,tcl,kcl
b,axr,l,p,g,r,t,axr,axr,en,axr,z
l,axr,b,r,axr,ih,iy,r,axr,axr,ix,en
iy,ix,ih,ix,er,iy,n,ix,iy,ix,ih,s
tcl,tcl,kcl,n,tcl,z,tcl,dcl,tcl,dcl,n,d
ch,z,ch,ch,epi,tcl,z,jh,z,d,k,d
axr,t,axr,t,axr,en,tcl,ix,z,d,en,t
s,tcl,tcl,s,tcl,d,pau,epi,z,en,z,en
dh,eh,eh,ao,w,ey,ay,eh,eh,g,ao,ax
ae,l,eh,aa,l,ay,ey,ih,ey,l,ay,w
tcl,s,s,k,sh,ng,s,tcl,tcl,s,sh,ch
dcl,k,pcl,p,th,k,pau,s,k,tcl,q,pau
d,ao,g,ao,ao,l,axr,ao,ih,ix,ay,eh
ao,ix,d,l,axr,eh,w,g,ao,ay,ix,ix
gcl,s,s,s,z,s,d,dcl,jh,k,tcl,s
ch,z,f,z,p,t,pau,tcl,gcl,t,z,gcl
ey,iy,ih,w,ix,ix,el,iy,b,uh,iy,r
s,z,z,z,kcl,dcl,s,y,n,f,tcl,g
ix,r,ax,ih,iy,ix,r,iy,r,axr,ih,ix
z,z,v,z,bcl,z,s,ux,dcl,dcl,z,n
kcl,z,pau,tcl,z,pau,tcl,dcl,d,z,epi,z
k,th,ix,ax-h,ix,k,ax,th,f,th,t,s
ae,ae,ix,iy,ae,eh,axr,w,el,b,er,ae
tcl,s,tcl,tcl,kcl,z,n,dcl,tcl,s,s,s
s,s,k,s,s,tcl,s,z,t,en,dcl,pau
pau,s,s,pcl,pau,kcl,th,f,pcl,epi,s,dcl
m,f,q,p,f,q,p,hv,t,b,f,dcl
er,eh,el,l,ao,ao,eh,eh,ey,ch,w,aa
s,kcl,sh,kcl,bcl,n,kcl,kcl,pcl,ng,s,n
ax,eh,ae,r,eh,ay,m,eh,axr,p,ao,l
l,n,eh,el,iy,z,r,v,m,axr,n,n
eh,axr,axr,eh,q,l,iy,ng,l,r,axr,axr
s,s,pau,pau,dcl,s,dcl,sh,z,n,s,s
l,axr,r,d,ae,eh,axr,axr,ix,ih,p,g
iy,ae,l,eh,axr,ae,ix,iy,axr,ae,g,r
d,iy,ow,ih,iy,dh,d,axr,m,iy,l,ey
ow,iy,d,ih,iy,d,iy,l,ih,n,dh,m
nx,s,ae,epi,ao,s,z,s,t,tcl,p,tcl
ae,axr,epi,l,nx,g,axr,ao,t,axr,w,s
s,tcl,v,ch,kcl,tcl,pcl,k,s,tcl,ch,dcl
epi,en,p,en,k,epi,iy,t,en,tcl,en,ch
m,axr,ix,r,iy,axr,axr,r,z,tcl,axr,d
ix,m,m,hh,m,iy,axr,z,d,t,tcl,dcl
dx,iy,ih,ih,iy,k,m,ix,iy,ix,iy,n
ih,iy,dx,ih,n,iy,ix,ix,iy,k,iy,d
kcl,pcl,k,kcl,pcl,s,gcl,ch,ng,tcl,z,pcl
k,k,k,g,p,k,hv,q,b,jh,el,epi
eh,axr,axr,w,eh,uw,ow,ih,axr,r,l,ey
r,aw,m,iy,dx,aw,d,l,ix,eh,y,tcl
ih,axr,iy,ow,axr,r,ih,ix,gcl,m,axr,m
n,n,n,ng,dcl,n,dh,dcl,m,sh,m,n
oy,iy,b,hv,iy,eh,d,axr,t,z,en,dcl
l,l,eh,l,ih,l,eh,r,aa,ao,d,l
ix,r,y,dx,ux,iy,ax,r,y,r,ix,ih
r,ih,l,ax,l,ux,y,w,ih,b,ay,ih
ae,r,r,nx,iy,l,ih,r,m,ao,eh,ow
gcl,s,tcl,ch,z,s,z,f,pcl,s,ao,pcl
g,r,l,ng,dh,en,r,t,p,axr,d,z
l,axr,g,axr,axr,r,ng,t,axr,ae,z,en
ay,axr,gcl,eh,r,l,axr,l,axr,axr,er,ey
kcl,tcl,f,s,s,tcl,pcl,tcl,s,tcl,kcl,n
dh,axr,ng,z,t,axr,epi,axr,en,g,en,d
ae,axr,eh,ey,axr,axr,axr,gcl,axr,ix,z,r
tcl,tcl,s,tcl,s,tcl,z,axr,g,n,pau,en
dh,ax,ax,ih,l,iy,ih,ix,ax,d,dh,eh
ax,ix,dh,ih,ix,w,ix,ix,ax,eh,ix,l
hv,sh,gcl,jh,tcl,hv,kcl,sh,n,bcl,v,dcl
ao,dcl,n,z,m,w,s,s,tcl,ux,dcl,dcl
n,m,hv,g,m,m,pau,axr,z,axr,tcl,s
ix,n,ih,n,axr,ix,axr,w,n,tcl,t,en
dcl,s,s,pau,sh,s,dcl,z,tcl,tcl,dcl,z
d,dcl,dcl,pau,jh,tcl,ch,ch,z,dcl,z,dcl
hv,tcl,jh,v,tcl,gcl,s,tcl,epi,tcl,dcl,d
aw,z,ux,r,t,ux,z,z,ax,p,r,v
s,pcl,tcl,pcl,pcl,ch,pcl,s,dcl,f,f,s
epi,p,p,dh,p,dh,t,en,p,g,ix,axr
w,uw,ix,uw,uh,el,el,q,eh,axr,uw,r
ax,axr,ih,axr,axr,axr,ih,iy,r,ae,ax,r
z,z,f,n,jh,z,dcl,dcl,z,kcl,th,sh
ix,ix,ax,ix,r,ix,axr,ax,aw,tcl,iy,axr
hv,s,bcl,y,gcl,s,dcl,kcl,sh,dcl,k,s
ih,ih,r,ih,ow,p,eh,b,m,w,ih,axr
tcl,s,sh,ng,s,s,s,s,pcl,tcl,tcl,s
pau,ch,k,pau,ch,kcl,ch,s,pcl,ch,hv,ch
d,axr,uw,ix,axr,axr,g,w,t,ix,ch,axr
uw,ix,d,ay,ix,ix,er,eh,eh,axr,ix,axr
dx,s,er,sh,pcl,kcl,s,tcl,tcl,hh,s,k
uw,pcl,s,pcl,pcl,ix,k,pcl,pcl,dcl,q,z
aw,eh,ao,d,ey,r,eh,s,eh,aw,g,ae
q,ix,ax,ih,ix,kcl,ix,axr,n,tcl,l,t
s,z,s,sh,sh,pau,k,z,z,s,z,tcl
tcl,tcl,hh,tcl,axr,p,epi,en,en,tcl,t,d
t,axr,ae,iy,axr,en,axr,axr,axr,t,axr,r
ae,t,t,iy,z,axr,tcl,eh,m,epi,t,d
n,dcl,m,dcl,s,n,dcl,pau,tcl,d,en,n
ix,d,d,epi,s,en,tcl,d,n,tcl,en,d
ng,tcl,tcl,kcl,t,s,pcl,pcl,tcl,tcl,n,s
q,pcl,k,q,pcl,tcl,f,ch,ch,k,pcl,epi
ao,axr,ch,ix,axr,g,t,w,ih,aw,axr,axr
dx,ih,ax,iy,r,nx,ey,ix,n,ih,kcl,ae
ix,uw,pcl,sh,kcl,ix,ng,tcl,uw,r,z,l
y,s,w,k,f,sh,hv,s,s,p,m,n
ow,axr,d,axr,ix,axr,q,dh,w,axr,eh,en
v,kcl,pcl,kcl,sh,tcl,t,s,kcl,k,ng,s
ih,axr,ix,p,t,eh,en,axr,r,axr,y,el
zh,tcl,s,tcl,hv,tcl,s,pcl,tcl,kcl,sh,pau
uw,ch,ng,gcl,s,bcl,g,eh,hv,y,ch,m
w,n,ow,hv,ux,m,v,dcl,n,z,ae,n
el,axr,iy,axr,ux,r,er,ih,ao,axr,en,ae
ax,ix,ix,f,s,l,ix,ax,z,iy,z,s
f,s,kcl,sh,ax-h,n,dcl,s,s,gcl,z,pcl
eh,ix,r,m,ix,ae,eh,ey,iy,ix,ih,l
kcl,tcl,tcl,tcl,dcl,z,pau,n,s,tcl,en,tcl
k,z,t,s,d,en,z,tcl,s,epi,t,z
s,t,s,t,d,z,pau,tcl,epi,s,k,t
s,tcl,t,tcl,s,en,tcl,epi,tcl,d,z,en
tcl,pau,t,tcl,hh,p,f,pcl,pau,g,ch,dcl
t,eh,g,eh,d,ch,eh,ao,dh,iy,r,axr
ey,l,eh,w,er,ae,q,ao,ix,ih,l,l
kcl,f,g,f,f,k,d,s,ch,hv,ch,f
m,r,iy,ey,r,er,ix,axr,l,n,ih,r
iy,m,m,er,ix,iy,m,n,r,l,n,z
pau,z,tcl,z,dcl,z,dcl,tcl,s,z,dcl,d
sh,s,s,s,dcl,s,z,d,d,s,tcl,z
ix,th,th,gcl,ax-h,th,s,g,z,axr,ch,pcl
s,pcl,en,ix,t,th,d,pcl,t,pcl,ch,kcl
eh,axr,l,r,ux,axr,eh,ey,ow,er,axr,r
dcl,s,s,tcl,z,s,dcl,dcl,n,kcl,tcl,s
pau,z,en,k,z,d,tcl,dcl,z,z,en,tcl
en,pcl,s,t,t,dh,pcl,kcl,pcl,pcl,ix,s
l,ch,eh,p,s,ch,tcl,ch,v,r,s,ch
eh,l,l,q,ey,iy,b,eh,l,axr,ix,l
m,tcl,n,dcl,n,kcl,tcl,tcl,dcl,bcl,z,s
iy,m,m,ey,ow,w,m,axr,ch,dh,k,f
ae,ix,ix,n,ax,ix,ix,er,axr,w,ix,jh
tcl,kcl,dcl,tcl,s,n,kcl,m,kcl,tcl,kcl,dcl
dh,axr,ow,w,axr,axr,p,en,q,t,m,ch
ow,axr,dh,axr,r,d,axr,aw,ow,eh,w,ao
z,f,n,n,s,bcl,sh,pcl,f,th,kcl,f
dcl,f,t,f,tcl,d,hh,tcl,t,f,f,pcl
d,axr,hv,dh,l,axr,axr,en,epi,en,t,d
ay,l,eh,ae,axr,eh,ay,b,l,b,l,ae
s,tcl,tcl,s,tcl,z,n,s,tcl,dcl,z,z
w,ix,q,eh,ix,axr,r,l,ao,ix,dh,ih
iy,ix,ih,r,n,w,l,s,ix,n,ix,l
pcl,s,s,sh,tcl,s,f,s,pcl,n,tcl,kcl
p,uw,k,p,dh,z,uw,epi,axr,d,tcl,en
l,dh,dh,el,ey,uw,z,w,tcl,dh,t,epi
ae,axr,w,ay,iy,ix,w,n,axr,t,axr,z
n,s,m,tcl,sh,s,dcl,axr,ae,z,g,s
dcl,d,d,axr,en,d,t,tcl,epi,en,er,axr
d,ix,ix,dcl,r,iy,axr,m,tcl,en,l,z
ix,z,d,dcl,r,n,iy,ax,m,tcl,axr,z
bcl,k,dcl,k,m,kcl,n,k,n,dcl,epi,s
b,eh,ih,ux,aw,d,ow,eh,ey,eh,ao,jh
ih,eh,b,ux,aw,eh,ow,d,eh,ao,iy,ey
l,m,axr,n,iy,dh,ax,ih,ng,m,m,l
dcl,dcl,n,m,dcl,bcl,ng,m,dh,hv,n,dcl
d,iy,ah,b,dh,iy,er,eh,r,ae,iy,axr
ah,eh,d,iy,b,iy,axr,dh,r,axr,eh,eh
n,n,n,iy,z,b,n,ix,f,z,hv,n
ux,r,iy,ow,r,eh,b,ih,n,l,ao,r
bcl,bcl,z,y,bcl,m,ng,bcl,f,w,dcl,tcl
b,eh,eh,eh,hv,r,axr,ae,eh,ax,eh,l
eh,ae,b,eh,ow,er,r,ae,ae,iy,hv,axr
v,z,f,z,hv,m,gcl,z,ux,z,s,n
r,axr,ix,r,er,axr,ix,axr,iy,m,axr,ah
ix,iy,r,iy,er,ix,iy,eh,axr,n,n,axr
dcl,n,n,sh,s,n,s,dcl,dcl,n,s,gcl
jh,s,t,k,en,z,s,s,tcl,s,d,d
pcl,z,z,epi,tcl,en,z,tcl,d,z,z,d
p,tcl,dcl,tcl,epi,z,z,t,en,tcl,dcl,d
l,axr,d,ey,ey,axr,z,eh,axr,tcl,t,epi
ae,m,z,ax,m,sh,n,t,tcl,q,gcl,s
n,n,tcl,s,n,z,m,tcl,n,en,n,axr
tcl,tcl,n,tcl,tcl,s,z,s,z,tcl,s,dcl
t,en,d,t,en,epi,z,s,tcl,en,pau,s
hh,z,tcl,epi,z,z,z,pcl,t,tcl,k,tcl
uw,axr,r,eh,axr,n,z,r,tcl,m,gcl,axr
tcl,s,tcl,pcl,s,tcl,z,s,s,pcl,tcl,s
t,s,ch,f,ch,s,z,z,epi,s,t,s
uh,ix,q,eh,n,axr,ax,ix,er,ix,ax,ix
kcl,kcl,pcl,kcl,kcl,tcl,s,gcl,sh,tcl,dcl,kcl
k,ch,sh,tcl,hv,ch,z,ch,pau,tcl,f,s
dh,axr,g,tcl,dh,t,axr,en,t,jh,z,axr
ix,ax,n,ax,ih,nx,r,gcl,ax,axr,tcl,axr
kcl,s,pcl,sh,tcl,s,tcl,n,s,dcl,g,z
k,z,epi,t,jh,z,k,s,p,z,en,el
ay,w,eh,w,w,z,tcl,t,axr,en,epi,axr
ae,tcl,ch,tcl,z,s,m,t,ao,d,tcl,pau
kcl,s,s,tcl,t,s,z,z,tcl,s,dcl,en
k,tcl,dcl,jh,tcl,tcl,epi,z,tcl,k,z,dcl
dcl,tcl,k,jh,epi,tcl,t,tcl,tcl,z,en,z
d,axr,aw,eh,axr,t,axr,ow,z,d,dcl,tcl
aw,axr,d,eh,ow,axr,axr,t,ix,z,tcl,d
n,z,tcl,d,dcl,z,s,dcl,z,z,tcl,n
dh,ax,ax,ay,iy,b,axr,ax,n,z,tcl,en
ax,ax,dh,ay,n,iy,b,ax,z,tcl,en,axr
bcl,tcl,n,n,dcl,f,bcl,s,tcl,z,dh,tcl
b,axr,ay,y,b,axr,b,ih,ow,l,iy,axr
ay,b,b,y,ih,l,axr,ow,iy,b,b,iy
y,tcl,ng,hv,dcl,ae,d,tcl,tcl,z,s,en
ux,z,z,z,axr,tcl,z,en,en,s,tcl,axr
